CourseTitle	URL	Description
Revit Architecture en entorno BIM iniciación	https://campusromero.pe/producto/revit-architecture/	Con esta formación adquiriremos los conocimientos básicos necesarios para iniciar un proyecto de edificación en un entorno BIM y manejar las principales herramientas de Revit.
Lean thinking aplicado	https://campusromero.pe/producto/lean-thinking-aplicado/	Con este curso conoceremos las claves, buenas prácticas y herramientas que las metodologías de Lean Thinking aportan a las organizaciones. Igualmente comprenderemos las claves para desarrollar una estrategia de implantación Lean en la empresa.
Scrum en la práctica	https://campusromero.pe/producto/scrum-en-la-practica/	Con esta formación dominaremos el marco de trabajo agile y profundizaremos sobre la metodología Scrum para crear dinámicas más eficaces involucrando a los usuarios finales del producto en toda la parte del proceso para maximizar el encaje producto-mercado de tu solución.
Autoedición: Diseño gráfico	https://campusromero.pe/producto/autoedicion-diseno-grafico/	Con este curso aprenderemos a identificar y describir los elementos básicos que intervienen en un diseño gráfico.
Retoque digital de imágenes con Photoshop	https://campusromero.pe/producto/retoque-digital-de-imagenes-con-photoshop/	Conocer y aprender a utilizar las herramientas básicas de retoque fotográfico en Photoshop. Aprender a editar imágenes, cambiar su tamaño, enderezarlas, corregir la luz, corregir el color, retocar retratos. Resumiendo, aprenderemos con este curso las técnicas básicas y sus herramientas para empezar a sumergirnos en el gran mundo del retoque fotográfico.
Illustrator Intermedio	https://campusromero.pe/producto/illustrator-intermedio/	Manejo extenso de un programa de ilustración vectorial y sus herramientas : para poder realizar con éxito y de forma totalmente autónoma diferentes trabajos de diseño vectorial de una dificultad media. Aprenderemos a resolver problemas de diseño plateados a través de soluciones completamente creativas.
Illustrator básico	https://campusromero.pe/producto/illustrator-basico/	Conocer, comprender y aprender a utilizar de manera ágil todas las herramientas básicas de las que se compone el programa. Acercar al alumno a la interfaz y forma de trabajo en Adobe Illustrator, para que pueda empezar a experimentar las diferentes posibilidades de llevar a cabo un trabajo resuelto de manera óptima.
Illustrator avanzado	https://campusromero.pe/producto/illustrator-avanzado/	Inmersión total en este programa de diseño vectorial, para poder adquirir las capacidades necesarias para llevar a cabo trabajos profesionales de diversa índole. Profundizaremos en el mundo del 3D y mallas, símbolos y técnicas avanzadas.
After effects: Herramientas básicas	https://campusromero.pe/producto/after-effects-herramientas-basicas/	Aprenderemos los conceptos básicos para un manejo fluido de este programa de vídeo y motion graphics. Nos apoyaremos en tutoriales reales basados en la utilización del programa y de sus herramientas para llevar a cabo un aprendizaje cercano y personalizado.
After Effects: Herramientas avanzadas	https://campusromero.pe/producto/after-effects-herramientas-avanzadas/	Aprenderemos cómo implementar en nuestro trabajo diario herramientas avanzadas como el 3D, las luces, las cámaras y el tracker. A través de diversos tutoriales queremos conseguir en el alumno la capacidad de dar salida de una manera eficaz a trabajos que necesiten el uso de las características más difíciles de este programa.
Empresa saludable y bienestar personal (Healthy mindset)	https://campusromero.pe/producto/empresa-saludable-y-bienestar-personal/	El curso está diseñado para proporcionar a los participantes las herramientas necesarias para integrar hábitos saludables en su vida diaria y en su entorno laboral. A través de un enfoque integral que abarca el bienestar físico, emocional y mental, los participantes aprenderán a mejorar su rendimiento profesional y personal, prevenir el burnout y crear un ambiente de trabajo más saludable y productivo.
Bienestar profesional	https://campusromero.pe/producto/bienestar-profesional/	A través de esta formación el alumno conseguirá integrar en su rutina diaria y en el entorno de su puesto de trabajo un conjunto de pautas o rutinas de salud, que favorecerán su desempeño profesional y personal.
Bienestar a través del desarrollo emocional	https://campusromero.pe/producto/bienestar-a-traves-del-desarrollo-emocional/	Con este curso aprenderás a gestionar las emociones para evitar o controlar los riesgos de circunstancias diarias como el estrés o el exceso de trabajo, evitando consecuencias como el burnout.
Leading and participating successfully in business meetings	https://campusromero.pe/producto/leading-and-participating-successfully-in-business-meetings/	This course provides you with the essential tools to lead meetings in English confidently. You will learn the right expressions and words to communicate professionally and effectively. Enroll now and take your leadership skills to the next level!
Analista de marketing digital	https://campusromero.pe/producto/analista-de-marketing-digital/	¡Acelera tu carrera en el dinámico campo del marketing digital y la analítica de datos con nuestra certificación! Diseñada para visionarios que aspiran a dominar las estrategias más innovadoras del entorno digital y aprovechar al máximo el poder de los datos para alcanzar sus objetivos, esta certificación te guiará en un viaje educativo apasionante y enriquecedor.
Gestor de operaciones	https://campusromero.pe/producto/gestor-de-operaciones/	¡Avanza en tu carrera profesional con nuestra certificación completa en gestión de operaciones y logística! Concebida para personas apasionadas por la optimización de procesos y la gestión eficiente de recursos, esta certificación te proporcionará una base sólida de conocimientos y habilidades prácticas, permitiéndote liderar con éxito equipos y proyectos relacionados con las operaciones y la logística.
Gestor comercial	https://campusromero.pe/producto/gestor-comercial/	¡Prepárate para liderar en el competitivo mundo comercial con nuestra certificación! Diseñada para aquellos que aspiran a alcanzar el éxito profesional, esta certificación te proporcionará una sólida base de conocimientos y habilidades prácticas, capacitándote para enfrentar los desafíos del mercado actual con confianza y determinación.
Liderazgo corporativo	https://campusromero.pe/producto/liderazgo-corporativo/	¡Conviértete en un líder visionario con nuestra certificación integral en liderazgo y gestión de equipos de alto rendimiento!
Gestión Humana	https://campusromero.pe/producto/gestion-humana/	¡Conviértete en un experto en Recursos Humanos con nuestra certificación! Diseñada para aquellos que aspiran a sobresalir en la atracción, retención y desarrollo del talento humano, esta certificación te ofrecerá una base sólida de conocimientos y habilidades prácticas, permitiéndote crear ambientes de trabajo saludables, productivos y motivadores que impulsen el éxito organizacional a largo plazo.
Emprendimiento	https://campusromero.pe/producto/certificacion-emprendimiento/	¡Conviértete en un empresario exitoso con nuestra certificación en emprendimiento y gestión de negocios! Diseñada para aquellos que aspiran a liderar con visión y pasión, esta certificación te llevará en un viaje educativo emocionante y relevante, brindándote las herramientas y estrategias necesarias para lanzar, hacer crecer y gestionar un negocio con propósito y ética.
Analista financiero	https://campusromero.pe/producto/analista-financiero/	¡Eleva tu carrera profesional con nuestra certificación integral en finanzas y contabilidad! Diseñada para profesionales decididos a alcanzar la excelencia en estas áreas estratégicas, esta certificación te llevará en un emocionante viaje educativo, dotándote de las habilidades y el conocimiento necesarios para tomar decisiones financieras sólidas y estratégicas en cualquier entorno empresarial.
Analista administrativo	https://campusromero.pe/producto/analista-administrativo/	¡Prepárate para desbloquear tu potencial máximo en el dinámico entorno laboral actual con nuestra certificación completa en herramientas Office y de análisis de datos! Este programa exhaustivo te sumerge en un viaje educativo emocionante y altamente práctico, equipándote con las habilidades esenciales para triunfar en cualquier campo profesional.
Canva, diseño para no diseñadores	https://campusromero.pe/producto/canva-diseno-para-no-disenadores/	Bienvenidos a Canva! Descubre un mundo de plantillas para crear piezas increíbles. Aprende elementos esenciales de diseño, comparte y descarga tus proyectos fácilmente. Mejora tus imágenes, crea diseños sorprendentes con mockups y domina formatos para redes sociales, videos y presentaciones.
Effective Business Presentations	https://campusromero.pe/producto/effective-business-presentations/	¡Bienvenido a “Effective Business Presentations in English”! Este curso te brinda las herramientas esenciales para destacarte en presentaciones comerciales en inglés. Aprenderás técnicas avanzadas para crear y entregar presentaciones impactantes y persuasivas. ¡Inscríbete ahora y lleva tus habilidades de presentación al siguiente nivel!
Seguridad en linea y protección de datos	https://campusromero.pe/producto/seguridad-en-linea-y-proteccion-de-datos/	Bienvenidos al curso “Seguridad en Línea y Protección de Datos“! En este curso, aprenderás a proteger tus datos personales y mantener tu seguridad mientras navegas en línea. Descubrirás las mejores prácticas para evitar el acceso no autorizado a tus datos y protegerte contra diversas amenazas digitales, como la corrupción de archivos, estafas y suplantaciones de identidad.
Diseño en Canva	https://campusromero.pe/producto/diseno-en-canva/	¡Bienvenidos al curso “Diseño en Canva“! Aprende a manejar las herramientas básicas de esta plataforma de diseño, desde crear una cuenta hasta diseñar presentaciones, CVs y tarjetas de presentación.
Preparing for job interviews	https://campusromero.pe/producto/preparing-for-job-interviews/	En este curso recibirás consejos sobre todos los pasos de una entrevista laboral en inglés. Desde la búsqueda de empleo hasta el envío de notas de agradecimiento tras el entrevista.
Técnicas de estudios para personas 50+	https://campusromero.pe/producto/tecnicas-de-estudios-para-personas-50/	En este curso aprenderás métodos de estudio efectivos a través de diferentes técnicas. Dichas técnicas incluyen la repetición, la asociación y la visualización, que pueden ayudar a consolidar la información y hacerla más fácil de recordar. Lo que les permitirá mejorar su concentración, organización y planificación del tiempo en su proceso de aprendizaje. Asimismo, esto impactará en su autoconfianza y seguridad de enfrentar nuevos desafíos de aprendizaje a lo largo de la vida.
Trabajo Remoto	https://campusromero.pe/producto/trabajo-remoto/	En este curso aprenderás a desarrollar habilidades y conocimientos para trabajar de forma efectiva en un entorno de trabajo remoto. Teniendo en cuenta temas como la organización y gestión del tiempo, la comunicación efectiva en línea, la colaboración virtual, la productividad, el mantenimiento de la motivación y el enfoque a largo plazo.
Creatividad, publicidad y redes sociales	https://campusromero.pe/producto/creatividad-publicidad-y-redes-sociales/	Aprende las herramientas necesarias para la creación de contenidos publicitarios originales y creativos, que puedan captar la atención del público en las redes sociales. Además, entiende cómo se está desarrollando la publicidad en la era digital y cómo se puede aprovechar las características específicas de cada plataforma para crear campañas publicitarias efectivas. También se aborda la importancia de la interacción y el engagement en las redes sociales para lograr una mayor difusión y fidelización de los seguidores.
SEO técnico: Posicionamiento avanzado	https://campusromero.pe/producto/seo-tecnico-posicionamiento-avanzado/	Mejora el posicionamiento de tu web en Google, comprendiendo los parámetros y directrices para analizar una web, y determinando problemas y soluciones. Además, aprende las técnicas avanzadas de SEO y auditoría de aspectos técnicos que influyen en el posicionamiento web.
ICPNA – English for IT and Helpdesk Support	https://campusromero.pe/producto/english-for-it-helpdesk-support/	En este curso obtendrás todos los conocimientos generales del mundo de TI en inglés. Aprenderás las mejores prácticas de asistencia técnica de TI proporcionadas por el equipo tecnológico radicado dentro o fuera de una empresa.
Corporate Sales for B2B	https://campusromero.pe/producto/corporate-sales-for-b2b/	Prepárate para alcanzar el éxito en ventas corporativas con nuestro curso internacional de Corporate Sales for B2B. Explorarás desde las herramientas esenciales hasta las tácticas de gestión avanzadas en la era digital. Este programa te equipará con las habilidades y estrategias necesarias para sobresalir en el dinámico mundo de las ventas corporativas.
Atención al cliente financiero	https://campusromero.pe/producto/atencion-al-cliente-financiero/	¿Necesitas nuevas ideas para optimizar la atención y servicio hacia tus clientes? ¿Conoces qué recursos, herramientas y soluciones puedes aplicar para fidelizar a tu cliente financiero? Estas preguntas y muchas otras podrás resolverlas a partir de esta experiencia de aprendizaje, en la que aprenderás a solucionar los requerimientos y necesidades de tus clientes desde un enfoque de generación de valor, identificación de los niveles de satisfacción, la atención eficiente de quejas o reclamos, el seguimiento y la resolución de problemas, así como la aplicación de estrategias de fidelización.
Presupuestos Comerciales	https://campusromero.pe/producto/presupuestos-comerciales/	¿Sabes qué puedes hacer para poder llegar a la consecución de tus objetivos empresariales?, o ¿qué puedes hacer para gestionar mejor tus recursos disponibles? Estas preguntas y otras inquietudes que tienes, sobre el planeamiento a futuro, llegar a objetivos fijados, gestionar tus recursos, tener una mejor planificación empresarial, y entre otros, podrás aprender en este curso, que te darán los lineamientos básicos para elaborar tu presupuesto comercial y llegar a las metas establecidas.
Fundamentos del método Kanban	https://campusromero.pe/producto/fundamentos-del-metodo-kanban/	Comprender los beneficios del uso del método Kanban como parte de las metodologías ágiles que las empresas más competitivas utilizan para atender los mercados actuales, con el fin de gestionar de manera eficiente y fluida el trabajo en una organización, y así permitir alcanzar los objetivos corporativos trazados.
Power BI para la toma de decisiones	https://campusromero.pe/producto/power-bi-para-la-toma-de-decisiones/	Diseña informes, analiza datos, elabora modelos y visualiza los datos utilizando casos prácticos que permitan la creación de tableros de mando e informes que apoyen a la toma de decisiones utilizando Power BI.
Big Data y Gestión de la Información	https://campusromero.pe/producto/big-data-y-gestion-de-la-informacion/	Comprende de forma integral las herramientas y conceptos que permiten una adecuada y eficaz gestión del Big Data.
SQL: Desarrollo y gestión de bases de datos	https://campusromero.pe/producto/sql-desarrollo-y-gestion-de-bases-de-datos/	Adquiere habilidades para diseñar, desarrollar e implementar de manera adecuada y segura una base de datos de alta calidad que permita administrar los datos de una organización, haciendo uso del software de administración de base de datos SQL Server de Microsoft y el lenguaje de definición SQL.
SQL Para Principiantes	https://campusromero.pe/producto/sql-para-principiantes/	Crea, consulta y edita una base de datos comercial mediante el uso de lenguajes estándares de base de datos e identifica los fundamentos de base de datos para la creación y edición de la misma.
Analítica Digital	https://campusromero.pe/producto/analitica-digital/	Comprende el concepto de analítica digital, cómo implementarla y a utilizar herramientas de análisis de indicadores web.
¿Qué medir en mi e-commerce con Google Analytics?	https://campusromero.pe/producto/que-medir-en-mi-e-commerce-con-google-analytics/	Proporciona conocimientos y habilidades necesarias para utilizar Google Analytics de manera efectiva en la medición y análisis de datos en un sitio web de comercio electrónico. Al finalizar el curso, utilizarás las métricas clave, comprendiendo términos de tráfico y adquisición de usuarios, así como comportamiento y conversiones.
Análisis y Presentación de Datos con Power BI	https://campusromero.pe/producto/analisis-y-presentacion-de-datos-con-power-bi/	Comprende el proceso y las herramientas necesarias para realizar un análisis de datos eficiente.
Análisis de data con Tableau	https://campusromero.pe/producto/analisis-de-data-con-tableau/	Entiende el proceso para adquirir conocimiento y visualización de datos, operaciones y presentación de historias utilizando casos prácticos reales que permitan contribuir los conocimientos en un entorno empresarial utilizando la herramienta de tableau con diferentes formatos de archivos. Además, aplica los fundamentos del conocimiento y visualización de datos, operaciones y presentación de historias que generan alto impacto mediante la herramienta de tableau.
Big Data aplicada a los negocios	https://campusromero.pe/producto/big-data-aplicada-a-los-negocios/	Analiza y procesa datos, usando las herramientas y plataformas funcionales para optimizar el desarrollo de tu negocio, aplicando los modelos y técnicas que crean soluciones para mejorar las competencias del mismo, hoy y en el futuro. Maneja grandes cantidades de datos principalmente en Excel y Python, teniendo objetivos elementales para potenciar tu negocio, así como programar un modelo predictivo para el análisis de datos logrando medir su efectividad.
Aplicando la tecnología para innovar en la logística	https://campusromero.pe/producto/aplicando-la-tecnologia-para-innovar-en-la-logistica/	¿Crees que logística requiere optimizar sus procesos? ¿Has escuchado que la omnicanalidad es una tendencia muy importante? En este curso podrás conocer los nuevos modelos de abastecimiento, almacenamiento y entregas con la finalidad de hacerlos más eficientes. Aprenderás sobre el concepto de omnicanalidad y diferenciarlo de las acciones de la logística tradicional y podrás aplicar este modelo vigente.
Business intelligence	https://campusromero.pe/producto/business-intelligence/	¿Consideras que la Inteligencia de Negocios (BI) es importante para el desarrollo eficaz de una organización?, ¿conoces los pasos para el desarrollo de un proyecto de implementación del BI? Conocerás la importancia, usos y ventajas del BI, su proceso de implementación y las herramientas de análisis y visualización de la información necesarias para generar ventajas competitivas en las organizaciones.
ERP – Sistemas de información logística	https://campusromero.pe/producto/erp-sistemas-de-informacion-logistica/	Conocerás cómo los llamados sistemas de planificación de recursos (ERP), al aplicarse al área de logística pueden mejorar las proyecciones de demanda, contribuir a un preciso control de inventarios, desarrollar una acertada gestión de almacenes, realizar una objetiva evaluación de proveedores y una planificación eficiente de los despachos.
Excel para Business Intelligence	https://campusromero.pe/producto/excel-para-business-intelligence/	Crea reportes, cuadros y gráficos estadísticos dinámicos y paneles de control con información en tiempo real de diferentes orígenes de datos mediante herramientas de Excel para la inteligencia de datos: Power Pivot, Power Query, Data Model, Power BI de forma práctica mediante la solución de casos prácticos reales que requieren del uso de estas tecnologías. Además, aprenderás sobre los fundamentos de Excel para inteligencia de negocio y elaboración de reportes, cuadros, gráficos estadísticos dinámicos y paneles de control con información en tiempo real de diferentes orígenes de datos.
Introducción a Python para ciencia de datos	https://campusromero.pe/producto/introduccion-a-python-para-ciencia-de-datos/	Aplica de forma práctica el análisis, manipulación y visualización de datos de forma gráfica utilizando un conjunto de librerías del lenguaje de programación de Python. Además, aprende de forma práctica los conocimientos de Python para ciencia de datos lo cual permitirá analizar, manipular y presentar datos de forma gráfica de un proceso de negocio comercial.
Transformación digital aplicada a la banca	https://campusromero.pe/producto/transformacion-digital-aplicada-a-la-banca/	¿Sabes cómo se ha transformado la banca?, ¿sabías que en esta nueva era digital, necesitarás nuevas herramientas y habilidades? Estas preguntas y otras podrás, responder en este curso. Aprenderás sobre las tendencias tecnológicas y habilidades que necesitarás, y cómo el marketing digital se relaciona para ofrecer nuevas experiencias al cliente, dándole seguridad, innovación, marco normativo y resiliencia, que te ayudará en el ámbito laboral.
WordPress Avanzado: Personaliza tus plantillas	https://campusromero.pe/producto/wordpress-avanzado-personaliza-tus-plantillas/	Crear plantillas de WordPress avanzadas, utilizando las funciones PHP personalizadas, así como la personalización HTML y CSS y sitios web de WordPress altamente personalizados y funcionales, de acuerdo a las necesidades y requerimientos de los clientes y usuarios finales.
Aumenta tu inteligencia financiera	https://campusromero.pe/producto/aumenta-tu-inteligencia-financiera/	Mejora los conceptos financieros fundamentales necesarios para la toma de decisiones financieras efectivas. Además, aprende técnicas para mejorar la educación financiera personal a fin de identificar y evitar errores financieros.
JavaScript Intermedio	https://campusromero.pe/producto/javascript-intermedio/	Desarrolla web interactivas y dinámicas con JavaScript, aplicando técnicas avanzadas y creando productos web funcionales y atractivos al finalizar el curso.
Introducción a la gestión de riesgos de crédito	https://campusromero.pe/producto/introduccion-a-la-gestion-de-riesgos-de-credito/	Aprende a gestionar y reducir el riesgo de crédito en una institución financiera, a través de los conceptos fundamentales de la gestión de riesgos de crédito, incluyendo la evaluación, mitigación, gestión de cartera y la monitorización del riesgo. Además, contarás con técnicas y herramientas para la evaluación del riesgo de crédito, aplicando los modelos de calificación de crédito y las técnicas de análisis de cartera, teniendo una comprensión sólida de cómo gestionar el riesgo de crédito de manera efectiva para aplicar estas habilidades en un entorno práctico.
Curso Básico de Django	https://campusromero.pe/producto/curso-basico-de-django/	Desarrolla aplicaciones web utilizando el framework Django, configurando el entorno de desarrollo, creando modelos y bases de datos e implementando vistas, plantillas, y formularios. Al finalizar el curso, podrás desplegar una aplicación web básica utilizando Django.
Inversiones en Criptomonedas para principiantes	https://campusromero.pe/producto/inversiones-en-criptomonedas-para-principiantes/	Comprende los fundamentos de las criptomonedas y su funcionamiento, desarrollando conocimientos fundamentales y habilidades prácticas para entender los conceptos básicos de cómo invertir en ellas de manera segura y eficiente. Además, aprende a tomar decisiones informadas y exitosas de inversión.
Introducción a las finanzas	https://campusromero.pe/producto/introduccion-a-las-finanzas-2/	Reconoce y toma las mejores decisiones en el ámbito de las finanzas empresariales, entendiendo la importancia del Sistema Financiero Peruano y las herramientas que puedes utilizar para obtener financiamiento en determinadas circunstancias.
Git y GitHub: Control de versiones en Proyectos Web	https://campusromero.pe/producto/git-y-github-control-de-versiones-en-proyectos-web/	Utiliza Git y GitHub para controlar eficientemente las versiones de proyectos web aplicando los conocimientos adquiridos para crear, gestionar y colaborar en repositorios, desarrollando proyectos web de manera colaborativa con un adecuado control de versiones, resolviendo conflictos a través de estrategias de colaboración efectiva.
HTML: Bootstrap 5 desde cero	https://campusromero.pe/producto/html-bootstrap-5-desde-cero/	Desarrolla e implementa un proyecto o sitio web, incorporando el uso de las diferentes ventanas emergentes, fuentes web, imágenes, íconos, tablas y demás componentes, logrando la creación de una página PHP a partir de Bootstrap, teniendo en cuenta aspectos de usabilidad y experiencia de usuario.
Planeamiento y control financiero	https://campusromero.pe/producto/planeamiento-y-control-financiero/	Aprender a evaluar la elaboración de los presupuestos como guía para la toma de decisiones empresariales.
Fundamentos de JavaScript	https://campusromero.pe/producto/fundamentos-de-javascript/	Desarrolla la lógica y aplica los conocimientos fundamentales de JavaScript mediante la solución de casos prácticos reales que utilizan estándares de internet con HTML5 y CSS3. Además, aprende de forma práctica las tecnologías actuales de JavaScript para diseñar páginas web comerciales.
Python Intermedio	https://campusromero.pe/producto/python-intermedio/	Emplea el lenguaje Python para el cálculo y operaciones de datos orientados a sus análisis del día a día en su ámbito laboral, incluyendo estadística descriptiva, procesamiento, visualización e implementación de algoritmos básicos de machine learning. Al finalizar el curso, tendrás la capacidad de demostrar que los datos ofrecen un gran potencial en la toma de decisiones corporativas.
Introducción al Desarrollo Web front end: HTML y CSS desde cero	https://campusromero.pe/producto/introduccion-al-desarrollo-web-front-end-html-y-css-desde-cero/	Proporciona una introducción exhaustiva y práctica a JavaScript a fin de comprender las tecnologías actuales para la creación y el diseño de un sitio web comercial. Además, serás capaz de aplicar de forma práctica las tecnologías actuales de HTML y CSS para la creación y diseño de aplicaciones web interactivas y dinámicas.
Proyección de los Estados Financieros	https://campusromero.pe/producto/proyeccion-de-los-estados-financieros/	Aplica diferentes métodos y técnicas de proyección de estados financieros a fin de obtener información valiosa para la toma de decisiones financieras a largo plazo. Además, elaborar presupuestos y analizar los estados financieros proyectados, para que puedas detectar posibles problemas y tomar acciones correctivas a tiempo.
Tendencias digitales de la banca y fintechs	https://campusromero.pe/producto/tendencias-digitales-de-la-banca-y-fintechs/	¡Te damos la bienvenida al curso Tendencias digitales de la banca y fintechs! ¿Sabías que el avance de la tecnología está impactando en todos los sectores y que la banca es una de ellas?, ¿sabes en qué medida podrá ayudarte para poder establecer una buena estrategia? Estas preguntas y otras, podrás resolver durante esta experiencia. Conocerás sobre las nuevas tendencias tecnológicas que influyen en la banca, banca móvil, home banking, blockchain y las fintech en la banca digital.
Ethical Hacking y Ciberseguridad	https://campusromero.pe/producto/ethical-hacking-y-ciberseguridad/	Comprende cada factor relacionado con la seguridad de la información en la web.
Inteligencia Artificial para los Negocios	https://campusromero.pe/producto/inteligencia-artificial-para-los-negocios/	Aprende los conceptos, prácticas y aplicaciones de la tecnología de inteligencia artificial para implementarla en los negocios.
Gestión de compras y abastecimiento	https://campusromero.pe/producto/gestion-de-compras-y-abastecimiento/	Desarrolla aptitudes para la gestión de compras analíticas y conoce los principales procesos logísticos para el abastecimiento oportuno de la compañía.
UX – Experiencia de usuario	https://campusromero.pe/producto/ux-experiencia-de-usuario/	Comprende cómo liderar la experiencia de usuario, considerándola como un elemento esencial para el éxito de un producto o servicio.
Gestión de Compras Retail	https://campusromero.pe/producto/gestion-de-compras-retail/	Aprende las diferentes técnicas y métodos de negociación y relación comercial que permitirán entender el negocio de manera sistémica, global e íntegra.
WordPress: Diseña y desarrolla páginas web desde cero	https://campusromero.pe/producto/wordpress-disena-y-desarrolla-paginas-web-desde-cero/	Crea y personaliza tus propios sitios web utilizando la plataforma de WordPress. Además, aprende a instalar, configurar y gestionar WordPress de manera efectiva, desarrollando páginas web personalizadas según tus necesidades, y dominando la elaboración de diseños atractivos y funcionales utilizando temas y complementos, a través de técnicas de codificación y personalización.
Métodos y Softwares Aplicados a la Gestión de Almacenamiento	https://campusromero.pe/producto/metodos-y-softwares-aplicados-a-la-gestion-de-almacenamiento/	El conocimiento sobre los métodos de almacenaje de productos y los beneficios de su automatización permitirán un mejor manejo de la logística de los productos en una empresa. En este curso conocerás a fondo los métodos de almacenaje, la toma de inventarios de costos de almacenamiento, la automatización y softwares aplicados a la gestión de almacenes, así como sus indicadores.
Gestión de almacenes e inventarios	https://campusromero.pe/producto/gestion-de-almacenes-e-inventarios/	Aprenderás a reconocer las características principales de la gestión de almacenes e inventarios.
Balanced Scorecard y Visualización de Indicadores	https://campusromero.pe/producto/balanced-scorecard-y-visualizacion-de-indicadores/	Conoce los fundamentos y la aplicación de la herramienta de Balanced Scorecard para plasmar gráficamente los resultados de los objetivos planteados.
Key Account Manager	https://campusromero.pe/producto/key-account-manager/	Reconoce la importancia del Key Account Manager en los procesos de ventas y conocimiento de los clientes.
Análisis Financiero para la Toma de Decisiones	https://campusromero.pe/producto/analisis-financiero-para-la-toma-de-decisiones/	Conoce los elementos básicos que componen el análisis financiero dentro de la empresa, su importancia y los diferentes mecanismos para su implementación.
Diseño y Desarrollo de Web	https://campusromero.pe/producto/diseno-y-desarrollo-de-web/	Al finalizar este curso, los alumnos serán capaces de diseñar, desarrollar e implementar sitios web interactivos utilizando metodologías, herramientas, tecnologías y estándares que les permitirán gestionar los contenidos de una página web para satisfacer las necesidades de aplicaciones web empresariales.
Análisis y Gestión Tributaria	https://campusromero.pe/producto/analisis-y-gestion-tributaria/	Comprende los deberes y obligaciones que se tienen ante el sistema tributario.
Contabilidad para no contadores	https://campusromero.pe/producto/contabilidad-para-no-contadores/	Comprende y conoce de qué manera se lleva a cabo un proceso contable y cómo influye en la toma de decisiones de una organización.
Introducción a la Blockchain	https://campusromero.pe/producto/introduccion-a-la-blockchain/	Aprende los fundamentos de la tecnología blockchain y su aplicación en criptomonedas, contratos inteligentes y más. Descubre la estructura de bloques, criptografía, protocolos de consenso y sus desafíos y oportunidades para el futuro digital.
Factores de éxito en Real Estate	https://campusromero.pe/producto/factores-de-exito-en-real-estate/	Cuando concluyas esta Master Class podrás comprender los 4 factores de éxito en la industria de bienes raíces que te permitirán lograr una gestión diferenciada en cuanto al manejo de marca, atención al cliente, y manejo de portafolio, las cuales harán crecer tu negocio.
Gestión financiera para Banca EMPRESA	https://campusromero.pe/producto/gestion-financiera-para-banca-empresa/	Hoy más que nunca, se ha hecho evidente cuánto necesitan las empresas de los servicios de la banca y demás instituciones financieras, que las apoyan con el financiamiento de muchas de sus actividades empresariales, ofreciendo productos y servicios de diversa naturaleza que satisfagan las necesidades inmediatas de capital, y otras en el largo plazo. Por eso, conocerás acerca de estos productos y servicios financieros como el sobregiro bancario, el leasing, las cartas fianza, o el factoring. Además, se explican aspectos del financiamiento de las empresas en lo relacionado con el capital de trabajo, el financiamiento de las compras y de las ventas. También, aprenderás acerca de las políticas de crédito y del análisis de riesgos en las grandes empresas.
Gestión financiera para Banca PERSONAS	https://campusromero.pe/producto/gestion-financiera-para-banca-personas/	¿Reconoces la importancia de la aplicación de las políticas de riesgo para mantener la salud financiera de los productos de banca personal? ¿conoces que son las centrales de riesgo y cuáles son los alcances del secreto bancario? Estas preguntas y muchas otras dudas más que seguramente tienes sobre la gestión financiera de banca personas, podrás resolverlas durante esta experiencia. Conocerás qué es y cómo aplicar una adecuada política de créditos y como utilizar herramientas de gestión crediticia para banca personas que te ayudarán a mejorar la salud financiera de los productos de banca persona.
Gestión financiera para MYPES y PYMES	https://campusromero.pe/producto/gestion-financiera-para-mypes-y-pymes/	En la actualidad, y a raíz de la pandemia, muchos negocios quebraron y otros sobrevivieron y quieren reactivarse, pero para ello necesitan financiamiento. Durante este curso, aprenderás cuáles son los pasos y requisitos para que tu empresa pueda acceder a los créditos financieros, así como conocerás sobre cómo te evalúan, y las limitantes que encontrarás.
Gestión de costos para hoteles y restaurantes	https://campusromero.pe/producto/gestion-de-costos-para-hoteles-y-restaurantes/	¿Te interesa aprender los conceptos relacionados con la gestión de los costos del rubro de restaurantes y hoteles? Estas preguntas y muchas otras podrás resolverlas a partir de esta experiencia de aprendizaje, en la que conocerás conceptos y procedimientos esenciales que te permitirán identificar y calcular los costos generados en la gestión de la actividad hotelera y de restaurantes. Aprenderás, entre otros aspectos claves, la relación entre los insumos, el rendimiento y los costos en la categoría de alimentos y bebidas, así como a calcular los costos fijos y variables de las habitaciones.
Presupuestando un Proyecto de Diseño de Interiores	https://campusromero.pe/producto/presupuestando-un-proyecto-de-diseno-de-interiores/	¿Qué conocimientos prácticos son necesarios para la elaboración de presupuestos y metrados de una obra?  ¿Qué debemos tener en cuenta al ejecutar la remodelación de un ambiente interior? Estas preguntas y muchas otras dudas más que seguramente tienes sobre como identificar los materiales e insumos de arquitectura para la remodelación de un ambiente interior, realizando un correcto metrado, planificando adecuadamente las labores a desarrollar esta labor con eficiencia, economía y asegurando la factibilidad del proyecto y logrando la remodelación de un ambiente interior de forma segura y exitosa.
Introducción a productos de inversión y mercado de valores	https://campusromero.pe/producto/introduccion-a-productos-de-inversion-y-mercado-de-valores/	El Mercado de Valores es un medio en el que concurren personas naturales y empresas para invertir en valores que les generen una ganancia o para captar recursos financieros de aquellos agentes que los tienen disponible. En este mercado se negocian instrumentos financieros o valores negociables como bonos, acciones, instrumentos de corto plazo, entre otros. En este curso conocerás los conceptos básicos del Mercado de Valores, identificarás los órganos de regulación del mercado y sus formas de control tanto en el mercado nacional como internacional. Además, conocerás las principales plataformas de negociación y trading de instrumentos financieros, así como su funcionamiento. Por último, reconocerás los instrumentos financieros de renta fija, variable, mixta y los alternativos.
Análisis de costos y presupuestos para la toma de decisiones	https://campusromero.pe/producto/analisis-de-costos-y-presupuestos-para-la-toma-de-decisiones/	¿Tienes un negocio y no sabes por dónde empezar a costear? ¿Conoces qué herramientas puedes utilizar para calcular cómo está tu negocio y así poder tomar decisiones? Estas preguntas y otras inquietudes que tienes sobre los costos y presupuestos, las podrás resolver durante esta experiencia. Conocerás los conceptos básicos que se utilizan para poder sacar el cálculo de tus costos de producción o servicio.
Herramientas estadísticas y tendencias	https://campusromero.pe/producto/herramientas-estadisticas-y-tendencias/	El análisis e interpretación de la información es una de las capacidades más solicitadas en la actualidad. En este curso conocerás los conceptos y procesos básicos más importantes para lograr organizar los datos de un estudio estadístico de variables categóricas, numéricas discretas y numéricas continuas. Conocerás cuáles son los pasos importantes para desarrollar un proyecto aplicativo de análisis de datos, así como representar dicha información a través de gráficos estadísticos.
Instrumentos Financieros	https://campusromero.pe/producto/instrumentos-financieros/	¿Sabías que, aunque tengas una pequeña o mediana empresa, es importante que conozcas los diversos instrumentos financieros? ¿Conoces sobre los principales Estados Financieros, de los que tanto habla el contador? Estas preguntas, así como de los principales términos financieros, podrás resolver durante esta experiencia. Conocerás desde conceptos básicos de matemática financiera, Estados Financieros, hasta algunos instrumentos de inversión que se manejan en el mercado de valores.
Decisiones de Financiamiento y Análisis del Mercado Bursátil	https://campusromero.pe/producto/decisiones-de-financiamiento-y-analisis-del-mercado-bursatil/	Te damos la bienvenida al curso ¡Decisiones de financiamiento y análisis del mercado bursátil! Hoy en día muchas empresas están en la constante búsqueda de financiamiento, y es importante conocer diferentes medios, para tomar mejores decisiones. La mayoría de los empresarios conocen los medios tradicionales, como los préstamos de Instituciones financieras, o adquisición de capital por accionistas.
Administración de Riesgo Financiero	https://campusromero.pe/producto/administracion-de-riesgo-financiero/	Comprende las herramientas necesarias para entender y gestionar los riesgos financieros a los que están expuestas las empresas y organizaciones. Además, diseña e implementa planes y estrategias eficaces de gestión del riesgo financiero.
Introducción a las finanzas	https://campusromero.pe/producto/introduccion-a-las-finanzas/	Reconoce y toma las mejores decisiones en el ámbito de las finanzas empresariales, entendiendo la importancia del Sistema Financiero Peruano y las herramientas que puedes utilizar para obtener financiamiento en determinadas circunstancias.
Elaboración de Estados Financieros	https://campusromero.pe/producto/elaboracion-de-estados-financieros/	Desarrolla el proceso contable y financiero de la empresa de acuerdo a las normas y principios contables establecidos, que permitan la toma de decisiones a partir de la lectura e interpretación de los estados financieros, reconociendo los diferentes estados financieros existentes y respetando la ética del negocio.
Monetiza tu proyecto web con SEO	https://campusromero.pe/producto/monetiza-tu-proyecto-web-con-seo/	Optimiza sitios web para aumentar su visibilidad y tráfico implementando estrategias efectivas de monetización y aprovechando el potencial del SEO.
Herramientas digitales para maximizar el potencial de tu marca	https://campusromero.pe/producto/herramientas-digitales-para-maximizar-el-potencial-de-tu-marca/	¿Conoces de tecnología?, ¿Sabes qué beneficios puedes generar para tu marca a través del ecosistema digital?, ¿Sabías que existen muchas herramientas que pueden ayudarte a elaborar un buen plan de medios digitales para atraer a tus clientes? Estas y otras preguntas podrás resolver sobre las herramientas digitales, que te ayudarán a potenciar tu marca y conocerás tácticas y estrategias a través de estos canales, con el objetivo de generar tráfico de calidad, conseguir leads y mejorar tus ventas, a través del posicionamiento y llegada a mayor público que conocerán tu marca.
Estrategias de Publicidad Digital para Desarrollo de Marca	https://campusromero.pe/producto/estrategias-de-publicidad-digital-para-desarrollo-de-marca/	En la actualidad, para desarrollar una marca exitosa no sólo se deben considerar diversos aspectos como el precio, la distribución o el producto en sí mismo; sino que es muy importante la comunicación de marca que logre crear un vínculo cercano con el consumidor. Por eso, conocerás acerca de la estrategia de marketing integrado y de aquellas relacionadas con la publicidad digital en sus formas push y pull. Además, del uso de herramientas digitales para las implementaciones de estas formas de estrategia publicitaria; finalmente, aprenderás sobre el sistema de medición de los resultados de la aplicación de estas estrategias.
Redes sociales desde cero: Logra el éxito digital	https://campusromero.pe/producto/redes-sociales-desde-cero-logra-el-exito-digital/	Elabora un plan de Comunicación y Social Media que te permita conocer a profundidad a tu audiencia, plantear objetivos de manera clara, desarrollando una estrategia con acciones concretas y analizando el impacto de los resultados obtenidos. Además, aprende técnicas para maximizar las herramientas clave que las redes sociales tienen para ofrecer.
SEO desde cero: posiciona en Google	https://campusromero.pe/producto/seo-desde-cero-posiciona-en-google/	Mejora el posicionamiento de tu web de forma orgánica en Google, utilizando las diversas técnicas de SEO como el trabajo de keyword research, link building y contenido. Utiliza técnicas y buenas prácticas para optimizar usando herramientas SEO para tu trabajo diario.
Branding para una marca de moda memorable	https://campusromero.pe/producto/branding-para-una-marca-de-moda-memorable/	En moda, existe mucha variedad y mucha competencia, y es por ello, la importancia de tener una buena estrategia de branding de moda, para que el cliente pueda conectar con tu negocio, y que puedas hacer sentir especial al cliente, inspirarlos, y lograr una conexión. Durante este curso, aprenderás algunas de las principales herramientas que te servirán para que tu marca pueda posicionarse y puedas atraer a tus clientes.
Growth Marketing	https://campusromero.pe/producto/growth-marketing/	Cuando concluyas esta Master Class podrás comprender la metodología del Growth Marketing, diferenciarl del marketing tradicional para brindarle a tus clientes existentes y nuevos, la experiencia de valor que promete tu marca.
Consumer Insights	https://campusromero.pe/producto/consumer-insights/	Desarrolla las competencias en investigación para analizar e interpretar el comportamiento del consumidor y del mercado.
Facebook e Instagram Ads Intermedio	https://campusromero.pe/producto/facebook-e-instagram-ads-intermedio/	Aplica conocimientos y habilidades necesarias para aprovechar las herramientas publicitarias de Facebook e Instagram. Optimiza campañas publicitarias, comprendiendo su audiencia y automatizando procesos. Además, conoce técnicas para crear un mapa de calor y entiende sobre el remarketing y la funcionalidad del píxel de Facebook e Instagram.
Branding Corporativo	https://campusromero.pe/producto/branding-corporativo/	Logra adquirir los conocimientos básicos y necesarios en la dirección de marca.
Email Marketing	https://campusromero.pe/producto/email-marketing/	Comprende cómo llevar a cabo una estrategia de email marketing.
Marketing de contenidos	https://campusromero.pe/producto/marketing-de-contenidos/	Conoce los elementos y procedimientos para tener consideración para diseñar, implementar y medir una estrategia de contenidos.
Growth hacking marketing	https://campusromero.pe/producto/growth-hacking-marketing/	Comprende la forma integral de las herramientas y conceptos que te permitirán ser aplicadas a las estrategias del growth hacking marketing.
Marketing de servicios	https://campusromero.pe/producto/marketing-de-servicios/	Aprende a utilizar de forma integral las herramientas que permiten ofrecer servicios adaptados a los clientes.
CX – Experiencia de cliente	https://campusromero.pe/producto/cx-experiencia-de-cliente/	Conoce las herramientas esenciales para construir una experiencia de cliente que genere una relación duradera y puedas resaltar frente a la competencia.
Plan de Marketing y Estrategia Digital	https://campusromero.pe/producto/plan-de-marketing-y-estrategia-digital/	Comprende las herramientas y conceptos que permiten aplicar un plan de marketing y estrategia digital alineado a los objetivos de una empresa.
Visual Merchandising	https://campusromero.pe/producto/visual-merchandising-2/	Aprende sobre los elementos principales del visual merchandising para ofrecer una experiencia única y que se diferencie de la competencia.
Inbound marketing	https://campusromero.pe/producto/inbound-marketing/	Utiliza los elementos conceptuales, estrategias, principios claves y metodologías necesarias para mejorar la publicidad y marketing digital de una empresa.
Publicidad Programática en Medios Digitales	https://campusromero.pe/producto/publicidad-programatica-en-medios-digitales/	Aprende los conceptos, herramientas y prácticas sobre la publicidad a través de medios digitales.
Cómo construir una estrategia de Marketing global	https://campusromero.pe/producto/como-construir-una-estrategia-de-marketing-global/	¿Planeas expandir tu negocio o emprendimiento con miras al mercado mundial? ¿Sabes cómo planificar una estrategia de marketing que te permita ser competitivo en el ámbito internacional? Estas preguntas y muchas otras podrás resolverlas a partir de esta experiencia de aprendizaje, en la que comprenderás y conocerás los diferentes conceptos, criterios y recursos que deberás tener en cuenta al planificar tu estrategia de marketing para competir en el mercado internacional.
Trade Marketing	https://campusromero.pe/producto/trade-marketing/	Reconoce la importancia del Trade Marketing en el proceso comercial y de negociación.
Marketing relacional y CRM	https://campusromero.pe/producto/marketing-relacional-y-crm/	Conoce el funcionamiento del marketing relacional y CRM, y su relación directa con la satisfacción del cliente.
Mobile Marketing	https://campusromero.pe/producto/mobile-marketing/	Comprende las estrategias de mobile marketing para la comunicación de una marca.
Branding Digital	https://campusromero.pe/producto/branding-digital/	Te damos la bienvenida al curso Branding Digital. Hablar de branding, es hablar de la importancia que tiene una marca en el éxito de una empresa, porque existe una gran diferencia entre ser una que pasa desapercibida vs. una gran marca; y si a esto le sumamos la fuerza que tiene el ámbito online; pensar en branding digital es pensar en todas las acciones encaminadas a construir una gran marca en medios digitales; logrando que conecten con la audiencia.
Estrategias de marketing omnicanal	https://campusromero.pe/producto/estrategias-de-marketing-omnicanal/	Durante el proceso de compra, el consumidor actual utiliza diferentes canales y dispositivos, y a veces de forma simultánea, es así como las empresas tienen la necesidad de adaptarse a estas nuevas exigencias y lograr una conexión permanente con sus clientes a través de los dispositivos digitales. Para ello, es importante desarrollar estrategias de marketing que combinen diferentes canales y favorezcan a la marca en su intención de para llegar al consumidor en el momento indicado.
Aplicando el marketing digital en hotelería y turismo	https://campusromero.pe/producto/aplicando-el-marketing-digital-en-hoteleria-y-turismo/	¿Conoces las nuevas tendencias de compra del consumidor turístico? ¿Quieres aprender más sobre las herramientas digitales y algunas tendencias tecnológicas para aplicarlas al sector turístico y hotelero? Las respuestas a estas preguntas las encontrarás en las diferentes sesiones que conforman esta experiencia de aprendizaje. Conocerás las nuevas tendencias de compra del consumidor turístico, así como las herramientas, plataformas digitales, buscadores y redes sociales que te permitirán desarrollar tu marca. Profundizarás en algunas tendencias en este sector aprovechando las nuevas tecnologías para generar propuestas de valor innovadoras. Finalmente, revisarás los aspectos más importantes que debes considerar para el desarrollo de tu plan de marketing digital.
Cómo diseñar contenido de alto impacto para redes sociales	https://campusromero.pe/producto/como-disenar-contenido-de-alto-impacto-para-redes-sociales/	¿Conoces los recursos y herramientas que se aplican hoy en día para posicionar un producto o servicio en las redes sociales? ¿Sabes cómo desarrollar una campaña de marketing digital exitosa? Estas preguntas y muchas otras podrás resolverlas a partir de esta experiencia de aprendizaje, en la que entenderás cómo aplicar tu creatividad al elaborar contenidos en las plataformas digitales para anunciar y vender por internet.
Planning estratégico de campañas publicitarias	https://campusromero.pe/producto/planning-estrategico-de-campanas-publicitarias/	A lo largo de este curso aprenderemos qué significa planning, cómo se desarrolla, cuál es su importancia en la generación de valor de una marca, así como las áreas que participan en ella. Y para ello, bien sabe que una de las herramientas más potentes e importantes para construir culturas fuertes es el reclutamiento de talento de excelencia; le dedica tiempo de análisis y ejecución estratégica para tener una organización conformada por este tipo de colaboradores.
Psicología del consumidor como estrategia de marketing	https://campusromero.pe/producto/psicologia-del-consumidor-como-estrategia-de-marketing/	En lugar de enfocarse en la competencia, hay que enfocarse en el cliente. El éxito de una marca, de una empresa; ya no se fundamenta en el conocimiento que se tiene de la competencia – ¿es importante? Claro que si  pero en la actualidad, ese éxito radica en la comprensión del consumidor; porque una vez que se logra investigar, analizar y descubrir aquellos aspectos más íntimos de las personas en razón de necesidades insatisfechas o expectativas que tiene.
Cómo crear una campaña publicitaria que trascienda	https://campusromero.pe/producto/como-crear-una-campana-publicitaria-que-trascienda/	Cuando concluyas este Master Class podrás conocer los principales pasos a seguir para construir una campaña publicitaria efectiva que impacte de manera positiva a los usuarios, revisando componentes clave como mapear los objetivos, contruir el plan, ejecutarlo y medir resultados.
Técnicas de Captación de Clientes	https://campusromero.pe/producto/tecnicas-de-captacion-de-clientes/	La venta suele ser la razón de ser de gran parte de las organizaciones y, es por eso, que la captación de clientes es un aspecto fundamental, y para la cual no existe una única fórmula; en realidad, las empresas implementan diferentes técnicas en conjunto, sobre todo cuando se trata de un mercado tan competitivo como el actual; y en el que la presencia online es muy importante.
Marketing Sostenible	https://campusromero.pe/producto/marketing-sostenible/	A medida que aumentan los problemas medioambientales y las personas se hacen más responsable socialmente, los clientes buscan empresas que reflejen sus valores; valores que se van enfocando en 3 aspectos: Sociedad, Ambiente y Economía. Es así como tarde o temprano, las organizaciones tendrán que adaptarse al movimiento de la sostenibilidad, y a medida que la empresa empiece a destacar sus esfuerzos reales por ser sostenible aumentará su reconocimiento de marca.
La Comunicación Integrada del Marketing	https://campusromero.pe/producto/la-comunicacion-integrada-del-marketing/	La comunicación integrada de marketing (CIM) agrupa todas aquellas acciones de promoción de un producto o servicio con el fin de crear una única estrategia común, totalmente homogénea, que optimice recursos y que obtenga mejores resultados. En la actualidad, es imprescindible para entender el concepto de Marketing Estratégico y, sobre todo, a la hora de llevarlo a la práctica.
Marketing con Influencers: Gestiona campañas efectivas	https://campusromero.pe/producto/marketing-con-influencers-gestiona-campanas-efectivas/	Identifica cómo elegir al influencer adecuado, conociendo los formatos de contenido existentes a través de la negociación y definición de presupuestos para cerrar acuerdos que impulsen el crecimiento y posicionamiento de tu marca. Además, gestiona una campaña efectiva con influencers, desde el planteamiento de objetivos hasta la medición de resultados.
Diseño de E-commerce y Medios de Pago	https://campusromero.pe/producto/diseno-de-e-commerce-y-medios-de-pago/	Conoce las virtudes y oportunidades del e-commerce para el desarrollo de una marca.
Prepara tu ecommerce para campañas de alto impacto	https://campusromero.pe/producto/prepara-tu-ecommerce-para-campanas-de-alto-impacto/	Mejora el diseño de estrategias de marketing digital para campañas de alto impacto en un Ecommerce, realizando la integración de las principales herramientas digitales para la ejecución táctica de campañas, y logra alcanzar los resultados destacados en tus campañas de marketing.
Shopify para la creación de e-commerce	https://campusromero.pe/producto/shopify-para-la-creacion-de-e-commerce/	Reconoce a Shopify como una plataforma que brinda oportunidades para desarrollar un e-commerce integral.
Aprende a gestionar logística internacional	https://campusromero.pe/producto/aprende-a-gestionar-logistica-internacional/	En el curso conocerás acerca de la gestión logística internacional y de los modos de transporte que se suelen utilizar para transportar los productos en el comercio internacional. Además, aprenderás sobre los canales de distribución y los criterios para definir la matriz de costos y tiempos logísticos. Finalmente, comprenderás acerca de los costos logísticos en los distintos sectores productivos y los indicadores de desempeño
Revenue Management: Proyectando tarifas hoteleras	https://campusromero.pe/producto/revenue-management-proyectando-tarifas-hoteleras/	En el que conocerás acerca de los fundamentos del revenue management cuyos principios se emplean para dirigir la compleja operación de precios, que involucra el análisis externo e interno antes de establecer la estrategia de precios, además de la realización de pronósticos que se relacionan con la determinación idónea de las tarifas hoteleras y el establecimiento de indicadores de gestión.
Guest Service Experience: Gestionando la mejor experiencia del huésped	https://campusromero.pe/producto/guest-service-experience-gestionando-la-mejor-experiencia-del-huesped/	Huésped es aquella persona que se aloja en otra casa, eso dice la definición de la RAE; y añade además que puede ser como cliente o como invitado. Y ¿por qué hago referencia a esta definición textual? Porque cuando logramos visualizar a nuestro huésped como un invitado es cuando lo atenderemos como parte de la familia y haremos lo necesario porque su estadía se placentera y con ello lograremos ¡una mejor experiencia!
Guest Service Experience: Gestionando la mejor experiencia del huésped	https://campusromero.pe/producto/guest-service-experience-gestionando-la-mejor-experiencia-del-huesped/	Huésped es aquella persona que se aloja en otra casa, eso dice la definición de la RAE; y añade además que puede ser como cliente o como invitado. Y ¿por qué hago referencia a esta definición textual? Porque cuando logramos visualizar a nuestro huésped como un invitado es cuando lo atenderemos como parte de la familia y haremos lo necesario porque su estadía se placentera y con ello lograremos ¡una mejor experiencia!
Storytelling para ventas corporativas efectivas	https://campusromero.pe/producto/storytelling-para-ventas-corporativas-efectivas/	Elabora la técnica del storytelling incorporándola al pitching de ventas corporativas y al manejo de relaciones con clientes para la comprensión de su audiencia corporativa llegando a cubrir necesidades y expectativas. Al aplicar el storytelling en las relaciones de negocios le permitirá cerrar ventas y realizar mejoras en el awareness de los clientes.
Herramientas para cumplir las metas de ventas	https://campusromero.pe/producto/herramientas-para-cumplir-las-metas-de-ventas/	Obtén resultados más rápidos, cómodos y simples en las áreas comerciales y de marketing utilizando herramientas de ventas que permiten captar, comunicar de manera interna y externa y mejorar la atención a los clientes, así como asegurar el seguimiento del proceso de ventas ya que deben de utilizarse en todas las etapas de la venta.
KPI’s en la venta online	https://campusromero.pe/producto/kpis-en-la-venta-online/	Selecciona los KPIs necesarios para mejorar de manera continua la efectividad del negocio online, reconociendo sus características y aplicándolas de manera adecuada, formando un tablero de control para realizar el seguimiento en busca del logro de los objetivos.
Dirección de equipos de ventas	https://campusromero.pe/producto/direccion-de-equipos-de-ventas/	Aprende a liderar exitosamente equipos comerciales a través de estrategias y acciones.
Negociación y persuasión comercial	https://campusromero.pe/producto/negociacion-y-persuasion-comercial/	Aprende a utilizar las diferentes técnicas y métodos de persuasión y comunicación, que intervienen en un proceso de negociación exitoso
Logística digital	https://campusromero.pe/producto/logistica-digital/	Aprende a reconocer la importancia de los procesos logísticos en las buenas prácticas del e-commerce.
Planeamiento y Pronóstico de la Demanda	https://campusromero.pe/producto/planeamiento-y-pronostico-de-la-demanda/	Conoce el planeamiento y pronóstico de la demanda como herramienta de satisfacción para el cliente y la optimización de los recursos.
Inteligencia comercial para las exportaciones	https://campusromero.pe/producto/inteligencia-comercial-para-las-exportaciones/	Se denomina inteligencia comercial al conjunto de estrategias, aplicaciones, datos, productos, tecnologías y arquitectura técnicas, los cuales están enfocados a la administración y creación de conocimiento sobre el medio, a través del análisis de los datos existentes en una organización o empresa. En este curso conocerás a fondo qué es la inteligencia comercial para las exportaciones, las fuentes de inteligencia comercial y el proceso de inteligencia de mercados nacionales e internacionales.
APRENDE TODO SOBRE LOS INCOTERMS 2020	https://campusromero.pe/producto/aprende-todo-sobre-los-incoterms-2020/	En el que conocerás acerca de los términos de comercio internacional, Incoterms®2020, que se usan en las transacciones de compraventa internacional. Aprenderás acerca de su clasificación, de sus características y de los aspectos básicos que regulan y en cuáles no intervienen. Además, se desarrollan los temas de cubicaje y aspectos relacionados con la normatividad y el costeo.
Introducción a DeFi	https://campusromero.pe/producto/introduccion-a-defi/	Bienvenidos al curso introductorio a DeFi, una forma revolucionaria de intercambiar, prestar y ganar intereses en criptomonedas sin la necesidad de intermediarios tradicionales. En este curso, aprenderás los conceptos básicos de DeFi, cómo funciona, sus beneficios y riesgos, y cómo participar en este emocionante mundo financiero descentralizado.
Gestión de fraude en el E-Commerce	https://campusromero.pe/producto/gestion-de-fraude-en-el-e-commerce/	Cuando concluyas este Master Class podrás conocer los principales conceptos en el ecosistema de comercio electrónico con énfasis en pagos y métricas del negocio. Además conocerás quiénes son los skateholders con los que deberás interactuar y aprenderás a optimizar tu negocio con implementación de controles del mercado.
Excel – Tablas Dinámicas	https://campusromero.pe/producto/excel-tablas-dinamicas/	Conoce la herramienta de tablas dinámicas para crear, organizar, diseñar y personalizar informes de datos de forma práctica mediante casos reales que permitan organizar, presentar, optimizar los datos en un entorno laboral.
Reportes Ejecutivos con Excel	https://campusromero.pe/producto/reportes-ejecutivos-con-excel/	¿Conoces los recursos que te brinda Microsoft Excel para la gestión y presentación de datos relacionados con tu trabajo o emprendimiento? ¿Sabes qué aspectos básicos debes considerar en la redacción de un informe o reporte? Conocerás las funciones más importantes de Microsoft Excel, los pasos que debes seguir para elaborar tablas y gráficos, así como la utilidad del uso de Macros para el manejo de información recurrente y diaria.
Excel para análisis financieros	https://campusromero.pe/producto/excel-para-analisis-financieros/	¿Crees que es importante conocer las principales herramientas en Excel para el análisis financiero?, ¿Conoces sobre herramientas y fórmulas en Excel? Estas preguntas y otras inquietudes que tienes, así como de los principales términos financieros, podrás resolver durante esta experiencia. Conocerás desde cómo convertir las diferentes tasas, calcular los principales ratios, y otros conceptos que te ayudarán a tu desempeño laboral e incluso personal.
Microsoft Teams desde cero a profesional 2023	https://campusromero.pe/producto/microsoft-teams-desde-cero-a-profesional-2023/	Utiliza la plataforma Microsoft Teams de forma práctica utilizando un conjunto de herramientas para gestionar la comunicación y control de permisos de seguridad en un entorno de trabajo colaborativo. Además, aprende las técnicas necesarias sobre la plataforma de Microsoft teams para mejorar tu desempeño profesional y agilizar el trabajo en equipo en tu organización.
Microsoft Outlook desde cero	https://campusromero.pe/producto/microsoft-outlook-desde-cero/	Crea cuentas, envía correos, programa de citas, reuniones, eventos y gestiona contactos mediante Microsoft Outlook de forma práctica con casos reales que permitan configurar y gestionar la información de las cuentas de correo. Además, podrás enviar correos desde Microsoft Outlook, programar citas, reuniones, eventos y gestionar contactos de forma práctica.
Lean Startup	https://campusromero.pe/producto/lean-startup-2/	Comprende de forma integral las herramientas y conceptos que permiten aplicar la metodología del Lean Startup.
Scrum	https://campusromero.pe/producto/scrum/	Brinda las herramientas esenciales para diseñar y elaborar un producto o servicio basado en el marco de trabajo Scrum.
Aprendizaje Ágil con ISIL Go	https://campusromero.pe/producto/aprendizaje-agil-con-isil-go/	Descubre el modelo de aprendizaje ágil de ISIL Go y cómo se adapta a ti gracias a su flexibilidad y personalización.
Modelos de Innovación para crear valor	https://campusromero.pe/producto/modelos-de-innovacion-para-crear-valor/	La creación de valor es considera como la capacidad que adquieren las organizaciones con el objetivo de generar valor hacia los consumidores, hacia el entorno y la permanencia de estas a través del tiempo. En este curso conocerás los principales desafíos, objetivos y valores alineados a la visión de una organización y sus stakeholders; así como, aplicarás la matriz del Innovation Readiness Check.
Cultura de Innovación: Estructuras, Equipos y Herramientas	https://campusromero.pe/producto/cultura-de-innovacion-estructuras-equipos-y-herramientas/	¿Sabes qué recursos utilizar para incrementar el desempeño y la competitividad a través del trabajo colaborativo? Conocerás los tipos de modelos organizacionales, las nuevas tendencias en modelos de trabajo orientados a la eficiencia y la autogestión, las ventajas del trabajo colaborativo y las herramientas que se usan hoy en día para fomentar el trabajo en equipo y la eficiencia comunicativa a nivel profesional y organizacional.
Cultura de Innovación: Liderazgo, Talento y Métricas	https://campusromero.pe/producto/cultura-de-innovacion-liderazgo-talento-y-metricas/	¿Quieres conocer las ventajas de la cultura de la innovación como factor de competitividad a nivel profesional y organizacional? Esta pregunta podrás resolverla a partir de esta experiencia de aprendizaje, en la que conocerás la importancia de la cultura de innovación en la generación de ventajas competitivas, así como el desarrollar una mayor apertura al cambio a través del liderazgo, la selección de personal con mentalidad ágil y la formulación de planes de acción.
Innovación para el futuro y coolhunting	https://campusromero.pe/producto/innovacion-para-el-futuro-y-coolhunting/	En este curso conocerás los conceptos, metodología y las herramientas más importantes para lograr el desarrollo de las capacidades principales de innovación con la finalidad de resolver problemas a través del Coolhunting. Este viaje de conocimiento inicia con la identificación de las herramientas necesarias para el análisis del mercado y sus tendencias, para luego conocer todo lo relacionado a dichas tendencias y su importancia.
Innovación en el modelo de negocio de hoteles y restaurantes	https://campusromero.pe/producto/innovacion-en-el-modelo-de-negocio-de-hoteles-y-restaurantes/	La tecnología ha afectado a todos los sectores; y la Hotelería & restaurantes no han sido la excepción. Esto hace que los entornos -por el ritmo tan acelerado de cambio que presentan- sean de gran incertidumbre. En estos entornos, donde la mejor o talvez, única respuesta es: responder de manera ágil a los consumidores; la clave es tener la capacidad de innovar, y esto se traduce es definir y validar negocios, logrando la solución óptima fallando lo más barato posible. Te invito a descubrir lo apasionante de la innovación.
Innovación para no especialistas	https://campusromero.pe/producto/innovacion-para-no-especialistas/	Utiliza elementos conceptuales, técnicas, los principios claves y metodologías para realizar el desarrollo de la innovación empresarial.
Introducción a las metodologías de innovación	https://campusromero.pe/producto/introduccion-a-las-metodologias-de-innovacion/	En este curso conocerás los elementos para lograr una organización innovadora que se maneja bajo el desarrollo y aplicación de nuevas ideas, productos, servicios y prácticas con la intención de lograr un incremento en la productividad; además, conocerás la aplicación y beneficios de metodologías ágiles como son el Design Thinking, Lean-Startup, Scrum; entre otros.
Emprende tu primer negocio de Fotografía	https://campusromero.pe/producto/emprende-tu-primer-negocio-de-fotografia/	Adquiere conocimientos y habilidades para gestionar de manera exitosa un negocio de fotografía propio, mediante el aprendizaje de los aspectos fundamentales de la planificación empresarial, la creación de una marca sólida, estrategias de marketing efectivas, precios adecuados, técnicas de ventas, atención al cliente de calidad y el cumplimiento de las consideraciones legales pertinentes.
Logística Interna: Almacenes y Transporte Interno	https://campusromero.pe/producto/logistica-interna-almacenes-y-transporte-interno/	Te damos la bienvenida al curso de Logística interna: almacenes y transporte interno. En el que conocerás acerca de la propuesta de valor de la logística interna, de la importancia y los beneficios de manejarla de una forma conjunta; además de comprender los principios de la integración de las operaciones. Finalmente, aprenderás sobre los almacenes y los distintos métodos de almacenamiento, asimismo se explican los diferentes modos de transporte interno que se usan.
Proceso de Calidad en la Cadena de Abastecimiento	https://campusromero.pe/producto/proceso-de-calidad-en-la-cadena-de-abastecimiento/	Te damos la bienvenida al curso de Proceso de Calidad en la Cadena de Abastecimiento. En el que conocerás acerca de los principios y aseguramiento de la gestión de calidad, con un enfoque de valor al cliente que influye en el diseño de los procesos. Además, se explica cómo se aplican los principios de calidad en la cadena de abastecimiento y cómo esta puede formar parte de la cultura de una organización.
Organización de Recursos en un Almacén	https://campusromero.pe/producto/organizacion-de-recursos-en-un-almacen/	Bienvenido al curso Organización de Recursos en un Almacén. En la actualidad, la pandemia COVID-19, desastres naturales y conflictos sociales afectan las cadenas de suministro, lo que destaca su importancia para la eficiencia operativa y la gestión de estrategias claras para superar las crisis. El curso aborda temas como el correcto almacenamiento de productos y materiales, el ciclo de almacenamiento y los aspectos a considerar al definir una política de almacenamiento adecuada.
Seguridad en la Cadena de Abastecimiento	https://campusromero.pe/producto/seguridad-en-la-cadena-de-abastecimiento/	Te damos la bienvenida al curso de Seguridad en la Cadena de Abastecimiento. En el que conocerás acerca de la seguridad en el trabajo y las diferencias entre accidentes e incidentes de seguridad. También, entenderás el proceso de investigación que se realiza cuando sucede una de estas situaciones, así como la protección personal y el cuidado que se debe tener en el almacenamiento de materiales. Por último, se explica lo relacionado con el Sistema de Gestión de Seguridad y Salud en el Trabajo.
Reingeniería de Procesos	https://campusromero.pe/producto/reingenieria-de-procesos/	La planificación en los procesos es un aspecto base para el éxito de las organizaciones. En estos procesos es de suma importancia el análisis de las interrelaciones que se dan, así como el desarrollo de matrices para priorizarlos y elaborarlos. En este curso conocerás a fondo las herramientas visuales a tomar en cuenta para la planificación, estrategias empresariales, procedimientos internos, planificación de los procesos en las empresas y procesos de mejora continua.
Gestión y Actividades de la Logística Externa	https://campusromero.pe/producto/gestion-y-actividades-de-la-logistica-externa/	Uno de los elementos fundamentales para que una empresa tenga éxito en la venta de sus productos es la logística, esta permitirá que el producto llegue al cliente y consumidor final en perfectas condiciones y con plena satisfacción. En consecuencia, constituye un elemento fundamental para que la empresa desarrolle su labor de forma exitosa y aumentar las ventas, puesto que es un elemento necesario a la hora de obtener los beneficios deseados.
Sistemas de Planificación y Proceso de Manufactura	https://campusromero.pe/producto/sistemas-de-planificacion-y-proceso-de-manufactura/	¿Quieres aprender las técnicas más efectivas para captar clientes en el mercado actual? Entonces, ¡este curso es para ti! La venta es el eje central de cualquier organización, y la captación de clientes es fundamental para alcanzarla. En este curso, te enseñaremos las técnicas más innovadoras y efectivas utilizadas por las empresas para captar clientes, especialmente en la era digital en la que vivimos. Aprenderás cómo implementar estrategias de marketing digital, técnicas de venta.
¿Cómo iniciar un emprendimiento exitoso?	https://campusromero.pe/producto/como-iniciar-un-emprendimiento-exitoso/	¿Sabías que nuestro país posee la tercera posición en el ranking mundial que mide el Índice de Espíritu Emprendedor en tiempos de pandemia? ¿Sabes cuáles son los retos a los que se enfrenta el emprendedor peruano? ¿Por qué si en nuestro país cuatro de cada diez ciudadanos quieren emprender un negocio, pocos de ellos llegan a un destino exitoso? Tener éxito no solo significa vender más, sino poder seguir creciendo como negocio y marca satisfaciendo las necesidades de nuestros clientes..0
Diseñando el canal de distribución para tu negocio	https://campusromero.pe/producto/disenando-el-canal-de-distribucion-para-tu-negocio/	¿Sabes qué tan importante es entender a las personas que laboran en la organización? ¿Sabías que puedes potenciar sus habilidades con el objetivo de alcanzar las metas organizacionales? Estas preguntas y otras inquietudes que tienes sobre cómo funciona la dinámica de las empresas, el pensamiento de las personas que laboran en la empresa, cómo potenciar sus habilidades, estrechar los vínculos profesionales y mejorar las relaciones laborales, podrás verlas en este curso.
Metodologías de investigación de mercados globales	https://campusromero.pe/producto/metodologias-de-investigacion-de-mercados-globales/	¿Qué es la investigación de mercados internacionales? ¿Qué factores influyen en el crecimiento o crisis de los mercados? ¿Cómo podemos conocer el comportamiento de los mercados para determinar si una empresa puede introducir sus productos de manera exitosa o no? Estas preguntas y muchas otras dudas más que seguramente tienes sobre investigación de mercados globales, y el proceso de introducción a mercados extranjeros, las podrás resolver con este curso.
Identifica los mercados internacionales para tu negocio	https://campusromero.pe/producto/identifica-los-mercados-internacionales-para-tu-negocio/	¿Crees que es importante saber cuantificar y segmentar la demanda internacional?, ¿Consideras que es importante observar el comportamiento de los mercados a nivel global para enfocar tus promociones? Es importante estudiar y conocer los diferentes factores que influyen en el crecimiento o crisis de los mercados globales, y así poder conocer sus comportamientos para poder introducir tus productos y mejorar el uso de tus herramientas de promoción.
Estrategia de precios para productos y servicios de exportación	https://campusromero.pe/producto/estrategia-de-precios-para-productos-y-servicios-de-exportacion/	¿Tienes interés por acceder a mercados internacionales con un plan de precios adecuado? ¿Conoces qué criterios debes considerar al planificar tu estrategia de precios en mercados foráneos? Estas preguntas y muchas otras podrás resolverlas a partir de esta experiencia de aprendizaje que te permitirá comprender los diferentes conceptos, criterios y estrategias que debes tener en cuenta para ser competitivo a nivel de precios en el mercado internacional.
Dirección de negocios globales	https://campusromero.pe/producto/direccion-de-negocios-globales/	¿Crees que es importante conocer sobre las herramientas y reglas del comercio mundial, para que las empresas puedan realizar transacciones y negocios internacionales? En este curso se presentarán los principales términos de políticas y reglamentación para poder realizar negocios con otros países. Conocerás porqué las empresas se sienten motivadas para realizar negocios internacionales, identificarás las partes de un contrato de compra y venta internacional.
Desarrollo de proyectos con enfoque ágil	https://campusromero.pe/producto/desarrollo-de-proyectos-con-enfoque-agil/	El desarrollo de proyectos, específicamente su gestión, nace con el propósito de estructurar y organizar la forma como se desarrollan estos esfuerzos asegurando su alineamiento con las estrategias del negocio. En este curso conocerás el marco general del desarrollo de proyectos, la planificación del alcance del proyecto, los riesgos y recursos, la ejecución, control y cierre del proyecto. Además, conocerás el enfoque ágil del proyecto y sus ámbitos de aplicación.
Optimiza la gestión de operaciones en tu empresa	https://campusromero.pe/producto/optimiza-la-gestion-de-operaciones-en-tu-empresa/	¿Conoces qué labores esenciales debes realizar para una adecuada operación de tu emprendimiento o empresa? ¿Conoces las etapas y procesos básicos que permiten el buen funcionamiento de un negocio? Estas preguntas y muchas otras podrás resolverlas a partir de esta experiencia de aprendizaje, en la que comprenderás y conocerás los fundamentos de la administración y gestión de operaciones.
Estrategia y gestión de la cadena de suministros	https://campusromero.pe/producto/estrategia-y-gestion-de-la-cadena-de-suministros/	En este curso conocerás las estrategias en la cadena de suministros, el modelo más usado para determinar el pronóstico de la demanda y la forma óptima de gestionar los inventarios. Asimismo, aprenderás el ciclo del pedido, su procesamiento y su relación con la gestión de compras. Además, se explica la importancia del desarrollo y evaluación de proveedores, así como de la gestión de la distribución y del transporte.
Gestión eficiente de agencias bancarias	https://campusromero.pe/producto/gestion-eficiente-de-agencias-bancarias/	La agencia bancaria es la dependencia que establece una entidad financiera como principal canal de distribución de sus productos y su importancia radica en el vínculo o relación estrecha que suele establecer el cliente con ella; aun cuando podría elegir entre distintas opciones propuestas por la institución financiera. Es ella, pues, la agencia, la que logra los objetivos de índole cuantitativo.
Mindset Emprendedor para profesionales de servicios	https://campusromero.pe/producto/mindset-emprendedor-para-profesionales-de-servicios/	En este Master Class conocerás las características de la mentalidad emprendedora, herramientas para emprender y claves de autoliderazgo emprendedor que te ayudarán a dar los primeros pasos para emprender en la dirección correcta.
Responsabilidad social empresarial	https://campusromero.pe/producto/responsabilidad-social-empresarial/	Los tiempos cambian, y lo mismo sucede con la manera en que gestionamos las empresas. Durante este curso, aprenderás que la RSE, se relaciona con el desarrollo sostenible en todos los niveles de la organización y el exterior, según los principios, e iniciativas mundiales, dentro de un marco regulatorio, según las normas de certificación.
Gestión de importaciones y exportaciones	https://campusromero.pe/producto/gestion-de-importaciones-y-exportaciones/	Concluyendo este curso podrás reconocer y utilizar las herramientas y procedimientos aduaneros en el ámbito nacional, para realizar operaciones de importaciones y exportaciones en forma eficiente y respetando las normas legales vigentes de la legislación peruana.
Introducción a la Logística	https://campusromero.pe/producto/introduccion-a-la-logistica/	En la actualidad, todo lo relacionado con la logística ha cobrado gran relevancia. Conocerás los fundamentos de la logística y su importancia para las empresas, además de los aspectos básicos de la planificación de la demanda y la gestión de inventarios; aprenderás acerca del proceso de compras, de la logística de salida, del establecimiento de indicadores logísticos y, sobre todo, del análisis de los resultados que resulten de su aplicación.
Aspectos Legales para el Emprendimiento	https://campusromero.pe/producto/aspectos-legales-para-el-emprendimiento/	Adquiere las herramientas necesarias para conseguir la formalización de un emprendimiento.
¿Cómo diseñar un negocio digital desde cero?	https://campusromero.pe/producto/como-disenar-un-negocio-digital-desde-cero/	¿Buscas crear un negocio digital usando las mejores herramientas para llevarlo al éxito? En este curso podrás conocer al usuario a profundidad y conocer todas las tecnologías útiles para concretar tu idea de negocio digital. Conocerás y aplicarás herramientas digitales para enfrentar los cambios y las oportunidades que se presentan en estos nuevos contextos, haciendo uso de la tecnología aplicada a los negocios digitales en los ámbitos de publicidad y posicionamiento de un negocio digital.
Investigación de mercados cualitativa y cuantitativa	https://campusromero.pe/producto/investigacion-de-mercados-cualitativa-y-cuantitativa/	¿Sabes por qué tus clientes no compran tus productos? Tal vez vas a lanzar un nuevo producto pero antes necesitas conocer ciertos detalles y sólo tus consumidores te pueden ayudar a obtener esta información. La investigación de mercados es el aliado estratégico clave para entender el mercado y a partir de ello satisfacer necesidades a plenitud. En el desarrollo de este curso sustentamos con casos y ejemplos que la investigación de mercados es la base para tomar de decisiones de negocios.
Gobierno Corporativo	https://campusromero.pe/producto/gobierno-corporativo/	Utiliza los elementos conceptuales, principios, beneficios y normas para poner en práctica y obtener un buen gobierno corporativo.
Dirección de supply chain management	https://campusromero.pe/producto/direccion-de-supply-chain-management/	Conoce los modelos logísticos para un manejo eficiente de materiales y productos.
Service Design	https://campusromero.pe/producto/service-design/	Comprende de forma integral las herramientas y conceptos que permiten aplicar el service design
Contabilidad y finanzas para emprendedores	https://campusromero.pe/producto/contabilidad-y-finanzas-para-emprendedores/	Analiza datos contables y financieros que surgen de la práctica del emprendimiento, con el fin de conocer el estado real y la rentabilidad del negocio.
Desarrollo de equipos de alto rendimiento	https://campusromero.pe/producto/desarrollo-de-equipos-de-alto-rendimiento/	Aprende a desarrollar equipos de alto rendimiento a través del coaching, las conversaciones constructivas y el aprendizaje experiencial.
Gestión de operaciones y producción	https://campusromero.pe/producto/gestion-de-operaciones-y-produccion/	Aprende a utilizar cada una de las etapas y agentes que intervienen para que se realice una gestión de operaciones y producción de manera exitosa.
Startups y modelos de negocio	https://campusromero.pe/producto/startups-y-modelos-de-negocio/	Aprende los conceptos fundamentales de las startups, su rol dentro del ecosistema emprendedor y las herramientas que te permitirán generar, medir e impulsar los emprendimientos.
Emprendimientos y gestión de negocios familiares	https://campusromero.pe/producto/emprendimientos-y-gestion-de-negocios-familiares/	Aprende a conocer los elementos que intervienen en la estructura de una empresa familiar y cómo son tendencias en la economía de un país.
Formulación y evaluación de proyectos	https://campusromero.pe/producto/formulacion-y-evaluacion-de-proyectos/	Comprende cómo formular y evaluar proyectos de forma exitosa
Gestión de transporte	https://campusromero.pe/producto/gestion-de-transporte/	Aprende a gestionar el transporte de forma diferenciada y a hacer entrega de productos de calidad y un alto nivel de servicio a los clientes.
Financiamiento de un emprendimiento	https://campusromero.pe/producto/financiamiento-de-un-emprendimiento/	Comprender los diferentes tipos de financiamiento disponibles para emprendimientos y startups, identificando las opciones más apropiadas, las industrias y etapas de desarrollo, teniendo en cuenta las habilidades para preparar y presentar un plan de negocios a inversores.
Canales y plataformas para tu primer e-commerce	https://campusromero.pe/producto/canales-y-plataformas-para-tu-primer-e-commerce/	Utilizar una plataforma de e-commerce adecuada para cada negocio, explorando los fundamentos del e-commerce, las diversas opciones de canales de venta para iniciar un negocio en línea.
Gestión de marca para emprendimientos nuevos y no tan nuevos	https://campusromero.pe/producto/gestion-de-marca-para-emprendimientos-nuevos-y-no-tan-nuevos/	Desarrolla, construye y gestiona de manera efectiva la marca de sus emprendimientos, explorarando los conceptos fundamentales de la gestión de marca, así como las estrategias y tácticas clave para establecer una presencia de marca sólida en el mercado.
Cultura de liderazgo	https://campusromero.pe/producto/cultura-de-liderazgo/	Reconoce las cualidades que se deben adquirir para liderar un equipo o equipos dentro de una organización, tomando en cuenta los aspectos personales e interpersonales a desarrollar, así como la coyuntura tecnológica que demanda un tratamiento acorde a estos tiempos.
Emprendimiento: Construye tu propia visión	https://campusromero.pe/producto/emprendimiento-construye-tu-propia-vision/	Identifica las oportunidades y desafíos del mercado de manera sistémica considerando el contexto empresarial, con el fin de desarrollar una actitud emprendedora que te permita gestionar un proceso de cambio enfocado en los deseos, las expectativas y las metas como emprendedor.
Lean Canvas: Materializa tu idea de negocio	https://campusromero.pe/producto/lean-canvas-materializa-tu-idea-de-negocio/	Utiliza la herramienta Lean Canvas como elemento clave para innovar y diseñar nuevos modelos de negocio, con el claro objetivo de generar nuevas ideas y llevarlas a prototipar, y así verificar si el mercado está en la búsqueda de las soluciones que se proponen.
Metodologías para la valorización de mi emprendimiento	https://campusromero.pe/producto/metodologias-para-la-valorizacion-de-mi-emprendimiento/	Identifica las principales consideraciones de los métodos de valoración de emprendimientos, aplicando los conocimientos en finanzas para optimizar tu emprendimiento, valiéndose del modelo de flujos de caja descontados, la construcción del flujo de caja libre, y los procesos para determinar el valor de la empresa y el valor del patrimonio.
Business Model Canvas y nuevos modelos de negocio	https://campusromero.pe/producto/business-model-canvas-y-nuevos-modelos-de-negocio/	Aprende a aplicar de manera efectiva la herramienta de modelamiento de negocios Business Model Canvas, para crear una propuesta de valor exitosa.
Hospitality: Introducción a la industria hotelera y turismo	https://campusromero.pe/producto/hospitality-introduccion-a-la-industria-hotelera-y-turismo/	Aprenderás sobre la historia de la hospitalidad en el mundo, así como sobre la evolución de la industria hotelera. Comprenderás cómo se brinda al oferta turística a través de las agencias de viajes y tour operadores. Finalmente, te brindaremos un acercamiento al mundo de la hotelería: organización, funciones operativas, atención al cliente.
Medios Digitales para Posicionar tu Empresa	https://campusromero.pe/producto/medios-digitales-para-posicionar-tu-empresa/	Las empresas se han valido de los medios de comunicación para darse a conocer, anunciar las ventajas de sus productos e incentivar a la compra de los mismos. Eran algo común ver a las marcas anunciándose por medios de revistas, periódico, radio o televisión; sin embargo, últimamente los altos costos y la baja posibilidad de segmentación que tienen ha hecho que las empresas replanteen sus formas de comunicarse para lograr así una mejor y mayor adaptación a los consumidores de hoy.
Logística inversa como ventaja diferencial	https://campusromero.pe/producto/logistica-inversa-como-ventaja-diferencial/	Concluyendo este curso podrás planificar, implementar y controlar, de manera eficiente, y al menor costo posible, los flujos de retorno de productos e información relacionada, desde el punto de entrega al punto de origen, con el propósito de recuperar el valor primario o disponer adecuadamente de los productos.
Seguridad y salud ocupacional	https://campusromero.pe/producto/seguridad-y-salud-ocupacional/	Comprende la importancia que tiene el desarrollo del sistema de gestión de seguridad y salud en el trabajo para las empresas en general.
Health Coach	https://campusromero.pe/producto/health-coach/	Determina la importancia de guiar a las personas por hábitos saludables que le permitan mejorar su calidad de vida y su salud.
Nutrición Deportiva	https://campusromero.pe/producto/nutricion-deportiva/	Comprende y entiende la relevancia e importancia de la nutrición en el deporte.
Gestión de riesgos – Risk Management	https://campusromero.pe/producto/gestion-de-riesgos-risk-management/	Aprende a reconocer y analizar la importancia que tiene la cultura de riesgo en los procesos financieros.
Nutrición y vida saludable	https://campusromero.pe/producto/nutricion-y-vida-saludable/	Genera un estilo de vida saludable a través de estrategias de alimentación priorizando la energía, salud y bienestar mental.
Skincare: Rutinas de cuidado para tu piel	https://campusromero.pe/producto/skincare-rutinas-de-cuidado-para-tu-piel/	Adquiere conocimientos y habilidades necesarias para desarrollar rutinas de cuidado efectivas para la piel, explorando las técnicas de limpieza, exfoliación, hidratación y protección solar para lograr una piel equilibrada y cuidada. Aprenderás sobre los diferentes tipos de piel, los problemas comunes y las mejores prácticas para mantener una piel sana.
Introducción al Yoga	https://campusromero.pe/producto/introduccion-al-yoga/	Aprende a conectar con tu cuerpo y transforma el presente a través del movimiento, la respiración y la conciencia dejando de lado las preocupaciones y los pensamientos estresantes. Entiende cuál es la filosofía del yoga, de tal forma que cuando tomes una clase puedas absorber todo el sentido de cada movimiento y cada respiración. Descubre técnicas de respiración y meditación y logra aliviar el estrés, conecta con tu cuerpo y con tu presente.
Cómo Reconocer Billetes Falsos	https://campusromero.pe/producto/como-reconocer-billetes-falsos/	En tu día a día los billetes y monedas pasan por tus manos, y más si tienes un negocio donde parte de las transacciones se cobran en efectivo, y por ello, ¿consideramos que es importante saber las principales características para reconocer un billete falso?, o ¿sabías que diariamente los falsificadores están al acecho? Estas preguntas y otras inquietudes más, podrás responder y reforzar en estas sesiones sobre las falsificaciones de billetes, monedas, documentación y valores.
¿Cómo potenciar tu desarrollo profesional?	https://campusromero.pe/producto/como-potenciar-tu-desarrollo-profesional/	¿Te gustaría conocer mejor tus emociones para gestionarlas de manera adecuada? ¿Conoces las competencias personales y sociales que te permitirán crecer como persona y profesional? Las respuestas a estas preguntas las encontrarás en las diferentes sesiones que conforman esta experiencia de aprendizaje. Conocerás las dimensiones de la inteligencia emocional aplicables tanto en la vida personal como en la vida laboral y las mejores prácticas asociadas a las competencias personales y sociales.
Marca Personal en LinkedIn	https://campusromero.pe/producto/marca-personal-en-linkedin/	Conoce y comprende la relevancia que tiene la red profesional LinkedIn a la hora de crear una marca personal.
Marca empleadora – Employee Experience	https://campusromero.pe/producto/marca-empleadora-employee-experience/	Diseña un plan de marca empleadora que se sustente en procesos reales y oportunos para el público objetivo interno y externo.
Diseño de Presentaciones Efectivas	https://campusromero.pe/producto/diseno-de-presentaciones-efectivas/	Conoce las herramientas necesarias para consolidarse como un líder en el diseño de presentaciones efectivas
Portafolio y Branding Personal	https://campusromero.pe/producto/portafolio-y-branding-personal/	Desarrolla un portafolio y branding personal para construir una marca personal sólida.
Outplacement y Reinserción Laboral	https://campusromero.pe/producto/outplacement-y-reinsercion-laboral/	Conoce las mejores prácticas utilizadas en el outplacement y la reinserción laboral, para lograr adaptar tus competencias al mercado laboral actual.
Potencia tu Empleabilidad y Desarrollo Profesional	https://campusromero.pe/producto/potencia-tu-empleabilidad-y-desarrollo-profesional/	Adquiere las herramientas necesarias para potenciar tu empleabilidad y desarrollar tu perfil profesional.
Gestión de proyectos y tareas	https://campusromero.pe/producto/gestion-de-proyectos-y-tareas/	Adquiere las habilidades y conocimientos necesarios para gestionar proyectos y tareas de manera efectiva, aplicando técnicas y herramientas modernas para aumentar tu productividad y lograr los objetivos del proyecto de manera eficiente, garantizando su éxito y convirtiéndote en un gestor de proyectos más competente.
Finanzas para freelancers	https://campusromero.pe/producto/finanzas-para-freelancers/	Comprende el concepto del circuito financiero, y desarrolla habilidades que permitan entender las situaciones financieras cotidianas, principalmente para una pequeña empresa, usualmente gestionada por freelancers. Además, aprenderás a elaborar un flujo de caja y un presupuesto, considerando el uso de ratios y tips que te permitan realizar el cálculo de indicadores de inversión, para una adecuada gestión de tus finanzas.
