JobId	JobName	URL	Location	Date	Company	Description
1	Desarrollador Backend	https://pe.linkedin.com/jobs/view/desarrollador-backend-at-m%C3%A9trica-andina-3998200262?position=1&pageNum=0&refId=uOYe9b5npXaTnKYVNUV%2FKA%3D%3D&trackingId=3ppu%2BW4m3d82H0e1pWerkg%3D%3D&trk=public_jobs_jserp-result_search-card	Lima, Peru	1 week ago	Métrica Andina	"Por encargo de nuestro cliente nos encontramos en la búsqueda de
3 Desarrolladores Backend Junior, Semi Senior y Senior
Requisitos
Técnico/Bachiller en Ingeniería de Sistemas, Computación e Informática y/o afines.
Más de 1 año de experiencia
Ejerciendo el rol de desarrollador backend o programador.
Lenguajes de programación TypeScript y Python
Frameworks NodeJS, Chalice, NestJS
Base de datos NoSQL DynamoDB, MongoDB
Base de datos SQL Oracle, MySQL y/o PostgreSQL
Versionamiento de código Git
Pruebas Unitarias / E2E Jest, Mocha, Chai, Sinon, Superset.
Pruebas de Performance newman, autocannon, K6.
Contenedores Docker y Docker Compose.
Desarrollo cloud AWS con Lambda, Api Gateway, ECS, Fargate, SNS, SQS.
Trabajando en entornos cloud con AWS.
Diseñando e implementando microservicios.
Beneficios
Planilla desde el primer día con todos los beneficios acorde a ley.
Remuneración fija superior al mercado.
Seguro Vida Ley.
Participar de un programa de reconocimiento.
Buen clima laboral
Convenios educativos, descuentos en centros comerciales, recreativos, etc.
Pertenecer a una prestigiosa empresa de tecnología y generar lazos transnacionales.
En Métrica Andina estamos comprometidos con la inclusión, diversidad y equidad de género. Por ello, los procesos de selección buscan asegurar la igualdad de derechos y oportunidades.
¡Si estás listo para dar el siguiente paso en tu carrera y te apasiona la tecnología, esta es tu oportunidad!
#ChambeaenMétrica
Métrica Andina es la primera filial latinoamericana del grupo de consultoría español Métrica Consulting. El grupo comenzó operaciones con el inicio del nuevo siglo y desde entonces ha participado en distintos proyectos en distintos países de Europa Occidental y Latino América. Con Métrica Andina, hemos comenzado a ofrecer nuestros servicios técnicos en el mercado Peruano y desde ahí queremos llegar a la región andina en los próximos años."
2	Backend Engineer (Node.js)	https://pe.linkedin.com/jobs/view/backend-engineer-node-js-at-yape-4002939385?position=2&pageNum=0&refId=uOYe9b5npXaTnKYVNUV%2FKA%3D%3D&trackingId=vKmLSOBk7CtefRZmHYhjgQ%3D%3D&trk=public_jobs_jserp-result_search-card	Lima, Peru	1 week ago	Yape	Description not found
3	Analista Desarrollador/a Backend	https://pe.linkedin.com/jobs/view/analista-desarrollador-a-backend-at-bbva-en-per%C3%BA-3986477083?position=3&pageNum=0&refId=uOYe9b5npXaTnKYVNUV%2FKA%3D%3D&trackingId=GmSRnSrT%2BTayLyM6RLp4aQ%3D%3D&trk=public_jobs_jserp-result_search-card	Lima, Peru	3 weeks ago	BBVA en Perú	"Lo que harás:
-Diseña, desarrolla y propone soluciones óptimas con autonomía en proyectos o productos.
- Facilita el intercambio de conocimientos / experiencias relevantes
- Proporciona soporte técnico cualificado y resuelve problemas
- Realiza tareas de expertise medio
- Desarrollos de Complejidad alta en diversos ámbitos de contextos homogéneos
- Comprende necesidades de negocio de carácter general
- Soluciona problemas complejos cambiando enfoques, conceptos.
- Tiene iniciativa para identificar y desarrollar nuevas oportunidades sobre las tecnologías y aplicativos existentes dentro de un ámbito específico
Lo que necesitas:
• Formación universitaria o técnica / Bachiller en Ing. Sistemas, Informática o carreras afines.
• Experiencia de 2 años en Desarrollo de Software
• Sólida experiencia en programación orientada en Java8 y conocimientos en Java 11.
• Conocimiento de Base de datos (SQL, MySQL y Oracle).
• Conocimiento en metodologías de programación, de diseño y desarrollo de sistemas de información.
• Conocimiento en spring framework y Spring Boot.
• Conocimiento en pruebas unitarias y automatización de procesos (AWS)."
4	Estudiantes Para Trabajo De Desarrollador Java	https://pe.linkedin.com/jobs/view/estudiantes-para-trabajo-de-desarrollador-java-3997476132?position=4&pageNum=0&refId=uOYe9b5npXaTnKYVNUV%2FKA%3D%3D&trackingId=iwmO%2BPsGfrz9ASMe1R2yTQ%3D%3D&trk=public_jobs_jserp-result_search-card	Lima, Peru	1 week ago	Digital Solutions 324 Sl	"Se busca Programadores Java para Trabajo Remoto y/o estudiantes de Programación.
Empresa: Digital Solutions
Ubicación: Trabajo Remoto
Tipo de Contrato: Prestación de servicios.
Descripción de la Empresa: Digital Solutions es una compañía innovadora enfocada en proporcionar soluciones tecnológicas avanzadas. Nos esforzamos por mejorar continuamente nuestros servicios y productos para satisfacer las necesidades de nuestros clientes. Estamos en la búsqueda de un nuevo miembro para unirse a nuestro equipo de desarrolladores, que comparta nuestra pasión por la tecnología y el compromiso con la excelencia.
Posición: Programador
Descripción del Puesto: Buscamos una persona proactiva, organizada y apasionado por las tecnologías actuales para apoyar a nuestro equipo de trabajo.
Requisitos
Conocimientos básicos en tecnología especialmente JAVA
Persona honesta, responsable y con ética de trabajo.
Edad entre 18- 21 años
Imprescindible tener una conexión a internet confiable de alta velocidad, computador y teclado en español.
Ofrecemos
Pago competitivo por hora entre 4 a 10 euros.
Trabajo de lunes a viernes 8 horas diarias.
Ambiente de trabajo colaborativo y dinámico.
Si cumple con el perfil enviar hoja de vida a ******"
5	Desarrollador Full-Stack	https://pe.linkedin.com/jobs/view/desarrollador-full-stack-at-who-co-3999782911?position=5&pageNum=0&refId=uOYe9b5npXaTnKYVNUV%2FKA%3D%3D&trackingId=d3lhia5Zk5EImuzXO%2BNaUw%3D%3D&trk=public_jobs_jserp-result_search-card	Lima, Peru	1 week ago	WHO&Co.	"This is a remote position.
¿Te gustan los nuevos desafíos en el área de la tecnología y cuentas con experiencia como Desarrollador ?, ¿Te consideras un experto Full Stack en lenguajes de programación, sistemas operativos, frameworks y habilidades para llevar adelante funciones técnicas con el código?, ¿Dominas Java8/Spring Boot (backend) en combinación con Vue.js ?
¡Esta posición podría ser para ti!
Nuestro cliente es una importante empresa de soluciones tecnológicas para las organizaciones, con presencia en Chile, Perú, República Dominicana y constantes planes de expansión para Latam.
Main Responsabilities:
Funciones Front-end:
Implementar interfaces de usuario, según las propuestas del área de UI/UX y los requerimientos del proyecto
Aplicar guía de estilos definidas por el equipo de UI/UX
Integrar interfaces de usuarios con las APIs del Back-end implementado
Funciones Back-end:
Desarrollar las funcionalidades necesarias para satisfacer los requerimientos del proyecto.
Construir las APIs que serán usadas por el equipo de Front-end en la elaboración de las interfaces de usuario
Integrar el proyecto asignado con sistemas informáticos externos
RequirementsRequisitos
Conocimientos Front-end:
HTML5, CSS (con pre procesado SASS) y Javascript avanzado (vanilla)
Vue.js (excluyente) + Vuetify.js
Conocimientos en Material Design
Conocimientos de arquitectura orientada a microservicios
Poseer portafolio en Github, Gitlab, Bitbucket y/o Stackoverflow (Deseable)
Haber desarrollado proyectos basados en PWA (Deseable)
Conocimientos Back-end:
Java 8 o superior (excluyente)
Spring o SpringBoot (excluyente)
PostgreSQL y/o MySQL (excluyente)
Conocimientos de arquitectura orientada a microservicios
MongoDB (Deseable)
Conocimientos en herramientas de reportería (JasperReports) (Deseable)
Poseer portafolio en Github, Gitlab, Bitbucket y/o Stackoverflow (Deseable)
Manejo de ElasticSearch (Deseable)
Competencias requeridas para el cargo:
Orientación al aprendizaje de nuevas tecnologías
Buenas prácticas de desarrollo, escritura y mantención de código fuente
Trabajo en equipo / Colaboración
Iniciativa, Persistencia, Orientación a la Calidad"
6	Analista Desarrollador Backend	https://pe.linkedin.com/jobs/view/analista-desarrollador-backend-at-costamar-travel-group-3989695819?position=6&pageNum=0&refId=uOYe9b5npXaTnKYVNUV%2FKA%3D%3D&trackingId=MGDt8XOFLGJ1ujZftGrjFQ%3D%3D&trk=public_jobs_jserp-result_search-card	Lima, Peru	3 weeks ago	Costamar Travel Group	Description not found
7	Desarrollador Backend	https://pe.linkedin.com/jobs/view/desarrollador-backend-at-soaint-4002156974?position=7&pageNum=0&refId=uOYe9b5npXaTnKYVNUV%2FKA%3D%3D&trackingId=wlGJpET88nF5DAsL3i5ivw%3D%3D&trk=public_jobs_jserp-result_search-card	Lima, Peru	4 days ago	SOAINT	"Te apasiona el desarrollo tecnológico?
🌍💙
En
SOAINT
tenemos más de 15 años dedicados a transformar el mundo a través de la tecnología con soluciones de Analytics, Desarrollo, Automatización y otros y contamos con presencia en España y LATAM. Actualmente buscamos al perfil de
Desarrollador Backend
para sumarse a nuestro equipo. Si eres una persona
analítica
y con facilidad para la
resolución de problemas
, ¡esta es tu oportunidad! 👀🚀
🌟
¿Qué harás en este rol?
✅Desarrollar y mantener APIs RESTful usando Spring Boot.
✅Implementación en nube Azure
✅Gestionar y optimizar bases de datos relacionales y NoSQL.
✅Implementar autenticación y autorización con Spring Security.
✅Integrar y consumir servicios externos mediante APIs.
✅Escribir y ejecutar pruebas unitarias y de integración.
¿Qué buscamos en ti?
Bachiller en Ingeniería de Sistemas y/o Ingeniería Informática y/o Ingeniería de Computación y Sistemas o afines.
Experiencia mínima de 3 años en desarrollo de software.
Desarrollo Backend con el lenguaje Java con Spring Boot.
Experiencia en plataformas de nubes: Azure Cloud, Azure DevOps
Experiencia con Spring Security (OAuth2, JWT)
Conocimiento en Spring Data, JPA, Retrofit y Swagger.
Experiencia en Jenkins
Experiencia en las bases SQL Server y Oracle
Manejo de APIs
Experiencia en metodologías ágiles
🚩
¿Qué te ofrecemos?
💰 Contrato Indefinido y por planilla 100% desde el primer día.
✨ Trabajo híbrido (2 días presencial y 3 remotos)
🚑 Cobertura EPS 100% (Plan Esencial) y Seguro de Vida Ley.
📚 Oportunidades de desarrollo profesional y crecimiento.
📎 Plataforma de capacitación online gratuita.
✨ Mediodía libre por cumpleaños
🚲 Descuentos y convenios en educación, gimnasio y mucho más.
🚀 Ser parte de una empresa internacional en el sector de consultoría y servicios TI.
Tu próxima aventura profesional te aguarda.
¡Postúlate ahora y sé parte de nuestra historia de éxito!🚀
En SOAINT no distinguimos por razón de discapacidad, género, orientación, identidad y expresión de género, lugar de origen o generación. Creemos en la igualdad de oportunidades en todos nuestros procesos y buscamos promover la inclusión e inserción laboral.
Conoce más de cómo se #ViveSOAINT en este link: https://www.linkedin.com/company/soaint/life/vivesoaint/"
8	Desarrollador de back-end	https://pe.linkedin.com/jobs/view/desarrollador-de-back-end-at-soaint-3988075446?position=8&pageNum=0&refId=uOYe9b5npXaTnKYVNUV%2FKA%3D%3D&trackingId=sgRFDaH0nZ1vn8048PNukQ%3D%3D&trk=public_jobs_jserp-result_search-card	Lima, Peru	5 days ago	SOAINT	Description not found
9	Back End Developer	https://pe.linkedin.com/jobs/view/back-end-developer-at-softtek-4003172693?position=9&pageNum=0&refId=uOYe9b5npXaTnKYVNUV%2FKA%3D%3D&trackingId=f7I%2FPVpiu1znnjmqu1IBKw%3D%3D&trk=public_jobs_jserp-result_search-card	Lima, Peru	1 week ago	Softtek	Description not found
10	Programador Full Stack	https://pe.linkedin.com/jobs/view/programador-full-stack-at-cl%C3%ADnica-de-especialidades-m%C3%A9dicas-3998515320?position=10&pageNum=0&refId=uOYe9b5npXaTnKYVNUV%2FKA%3D%3D&trackingId=Ca4L9Cnk6AqoVjvjHKaNVw%3D%3D&trk=public_jobs_jserp-result_search-card	Lima, Peru	1 week ago	Clínica de Especialidades Médicas	Description not found
11	Practicante Yape - CRM	https://pe.linkedin.com/jobs/view/practicante-yape-crm-at-yape-3997364921?position=1&pageNum=0&refId=8c4zi9jG1ajRhPGdzDX%2BOA%3D%3D&trackingId=3wk%2F7lDaXUXpoE277nn6nA%3D%3D&trk=public_jobs_jserp-result_search-card	La Molina, Peru	2 weeks ago	Yape	"Somos más de 15 millones de yaperos y 2 millones de empresas que utilizan Yape a diario. Estamos disponibles para todos, lo que nos convierte en una plataforma única y clave del ecosistema digital del Perú.
Esperamos que te involucres en discusiones relacionadas con todos los aspectos del desarrollo de productos y tecnología.
Nuestro desafío es que estamos creciendo rápidamente y tenemos una amplia cantidad de datos que pueden ser explotados para mejorar la vida de los yaperos y nuestro negocio. Nos motiva construir un país conectado sin barreras, que fomente el crecimiento y desarrollo para todos los peruanos.
Para seguir brindando la mejor experiencia a nuestros yaperos, necesitamos el mejor talento.
Sé parte de esta emocionante misión y contribuye con nuestro propósito de hacer más simple el día a día de las personas para que sigan movilizando sus vidas.
¡Contágiate de la Vibra Yape y haz que la vida fluya!
Descripción del rol
Mantener junto al Business Specialist el Product Backlog y levantar dependencias de calidad de datos para el desarrollo del producto.
Responsabilidades:
Mantenimiento de la documentación necesaria para actualizar el Product Backlog.
Descubrimiento y exploración de información de la plataforma de datos de YAPE.
Investigación de incidentes de incosistencia de datos.
Elaborar presentaciones y reportes para comunicar dependencias de datos.
Apoyar en la automatización de alertas de calidad de datos.
Propuestas de mejora basadas en análisis de datos y Benchmarking.
Trabajará directamente con Business Specialist Senior.
Requisitos
Estos son algunos de los requisitos que esperamos para este rol:
Estudiantes de 7mo y 8avo de las carreras de Ingeniería Industrial, Marketing, Gestión de empresas, Administración de empresas y carreras afines.
Deseable alguna experiencia de 06 meses en áreas de Marketing y/o CRM.
Conocimientos en SQL, Power BI, Excel avanzado.
Habilidades de comunicación, resolución de problemas y trabajo en equipo."
12	Practicante Yape - Marketplace Platform	https://pe.linkedin.com/jobs/view/practicante-yape-marketplace-platform-at-yape-3997361955?position=2&pageNum=0&refId=8c4zi9jG1ajRhPGdzDX%2BOA%3D%3D&trackingId=WYQS1Su5cVH3MP2Bsgt3Lw%3D%3D&trk=public_jobs_jserp-result_search-card	La Molina, Peru	2 weeks ago	Yape	"Somos más de 15 millones de yaperos y 2 millones de empresas que utilizan Yape a diario. Estamos disponibles para todos, lo que nos convierte en una plataforma única y clave del ecosistema digital del Perú.
Esperamos que te involucres en discusiones relacionadas con todos los aspectos del desarrollo de productos y tecnología.
Nuestro desafío es que estamos creciendo rápidamente y tenemos una amplia cantidad de datos que pueden ser explotados para mejorar la vida de los yaperos y nuestro negocio. Nos motiva construir un país conectado sin barreras, que fomente el crecimiento y desarrollo para todos los peruanos.
Para seguir brindando la mejor experiencia a nuestros yaperos, necesitamos el mejor talento.
Sé parte de esta emocionante misión y contribuye con nuestro propósito de hacer más simple el día a día de las personas para que sigan movilizando sus vidas.
¡Contágiate de la Vibra Yape y haz que la vida fluya!
Descripción del rol
Nos encontramos en la búsqueda de un practicante con un perfil orientado a negocio y análisis/extracción de información.
Responsabilidades:
Desarrollar y ejecutar queries SQL en Databricks para extraer datos críticos que impacten directamente en los KPIs del negocio.
Crear dashboards y reportes detallados utilizando herramientas de visualización de datos como Power BI y Databricks, enfocados en los KPIs clave.
Realizar análisis de datos para identificar tendencias, oportunidades y áreas de mejora que contribuyan al cumplimiento de las metas estratégicas del negocio.
Requisitos
Estos son algunos de los requisitos que esperamos para este rol:
Estudiantes de 7mo y 8avo de las carreras de Ingeniería Industrial, Sistemas, Gestión de empresas, Administración de empresas y carreras afines.
Deseable alguna experiencia de 06 meses.
Conocimientos en SQL, Power BI, Excel avanzado.
Habilidades de comunicación, resolución de problemas y trabajo en equipo."
13	Practicante Yape - Analytics CX	https://pe.linkedin.com/jobs/view/practicante-yape-analytics-cx-at-yape-3998280079?position=3&pageNum=0&refId=8c4zi9jG1ajRhPGdzDX%2BOA%3D%3D&trackingId=LptttwoWP%2FtQYgqdedx6xQ%3D%3D&trk=public_jobs_jserp-result_search-card	La Molina, Peru	1 week ago	Yape	"Somos más de 15 millones de yaperos y 2 millones de empresas que utilizan Yape a diario. Estamos disponibles para todos, lo que nos convierte en una plataforma única y clave del ecosistema digital del Perú.
Esperamos que te involucres en discusiones relacionadas con todos los aspectos del desarrollo de productos y tecnología.
Nuestro desafío es que estamos creciendo rápidamente y tenemos una amplia cantidad de datos que pueden ser explotados para mejorar la vida de los yaperos y nuestro negocio. Nos motiva construir un país conectado sin barreras, que fomente el crecimiento y desarrollo para todos los peruanos.
Para seguir brindando la mejor experiencia a nuestros yaperos, necesitamos el mejor talento.
Sé parte de esta emocionante misión y contribuye con nuestro propósito de hacer más simple el día a día de las personas para que sigan movilizando sus vidas.
¡Contágiate de la Vibra Yape y haz que la vida fluya!
Descripción del rol
Nos encontramos en la búsqueda de un practicante con un perfil orientado a negocio y análisis/extracción de información. Participará de proyectos ad-hoc cross de alto impacto en la Tribu de Experiencia.
Responsabilidades:
Participar en proyectos ad-hoc cross de alto impacto en la Tribu Experiencia en coordinación con diferentes equipos.
Apoyo en los diversos proyectos gestionando Power BI.
Procesamiento de datos y analíticas para obtener insights.
Presentación de resultados y documentación correspondiente al proyecto.
Requisitos
Estos son algunos de los requisitos que esperamos para este rol:
Estudiantes de 7mo y 8avo de las carreras de Ingeniería Industrial, Sistemas, Gestión de empresas, Administración de empresas y carreras afines.
Idealmente con experiencia o experiencia en proyectos o iniciativas fuera o dentro de la universidad (3 meses a más).
Exploración y análisis de datos (Nivel intermedio).
Excel Avanzado, PLSQL Intermedio (Deseable Avanzado), Python Basico (Deseable Intermedio), PBI Intermedio.
Automatizar y generar reportes con análisis de datos (Nivel intermedio)."
14	Científico de datos	https://pe.linkedin.com/jobs/view/cient%C3%ADfico-de-datos-at-corporaci%C3%B3n-aceros-arequipa-4002218205?position=4&pageNum=0&refId=8c4zi9jG1ajRhPGdzDX%2BOA%3D%3D&trackingId=teNpflmaJ8FhSBE3K6W59w%3D%3D&trk=public_jobs_jserp-result_search-card	Lima, Peru	1 week ago	Corporación Aceros Arequipa	Description not found
15	Practicante de Experiencia del Colaborador	https://pe.linkedin.com/jobs/view/practicante-de-experiencia-del-colaborador-at-cementos-pacasmayo-saa-3986765200?position=5&pageNum=0&refId=8c4zi9jG1ajRhPGdzDX%2BOA%3D%3D&trackingId=4aRayP%2Fvj9j5Kp%2BftRGZNA%3D%3D&trk=public_jobs_jserp-result_search-card	Lima, Peru	3 weeks ago	Cementos Pacasmayo SAA	"En Cementos Pacasmayo nos encontramos en la búsqueda de personas que quieran trascender; y contribuir con el desarrollo de nuestro país, personas que busquen que el Perú siga avanzando.
¡Postula al puesto de
Practicante
de Experiencia del Colaborador
y construye el futuro de nuestro país!
Funciones
Apoyo en la Ejecución de Proyectos y Actividades Clave colaborar en la implementación de iniciativas estratégicas enfocadas en mejorar la experiencia del colaborador, abarcando todo el ciclo de vida del colaborador desde la contratación hasta la desvinculación. Esto incluye contribuir en la gestión de programas de onboarding, desarrollo profesional, reconocimiento, retención y otras iniciativas.
Monitoreo de Indicadores apoyar en el seguimiento y análisis de indicadores clave de gestión, incluyendo métricas relacionadas con la Voz del Empleado (VoE), contribuyendo a la toma de decisiones basada en datos.
Elaboración de Reportes participar en la creación de reportes detallados y tablas dinámicas para la visualización y presentación de datos relevantes, con un enfoque en la experiencia del colaborador.
Requisitos
Estudiante de los últimos ciclos o recién egresado/a de Ingeniería Industrial, Administración o carreras afines, con interés en proyectos relacionados con la experiencia del colaborador.
Habilidades Técnicas Manejo de Excel a nivel avanzado, análisis de datos y generación de reportes
Conocimientos en Gestión de Proyectos conocimiento básico en metodologías de gestión de proyectos. Se valorará experiencia previa o cursos relacionados.
Beneficios
Pertenecer a una empresa líder en la comercialización de soluciones constructivas.
Convenio de prácticas.
Seguro FOLA al 100%.
Excelente ambiente de trabajo.
Al postular se afirma su consentimiento y autorización del uso de sus datos personales expuestos en su CV, dentro del marco de la Ley de Protección de Datos Personales N° 29733, para fines únicamente de postulación con la organización. Este registro se deriva al área de GH para el proceso de selección.
Pacasmayo es mucho más que una empresa, es la suma del esfuerzo individual de muchísimas personas. Personas que quieren trascender y hacer un esfuerzo especial, para lograr ser una empresa líder en la provisión de soluciones constructivas que se anticipe a las necesidades de las personas, las empresas y los países.Somos reconocidos por nuestros altos estándares de calidad, solidez financiera, por nuestra política de Buen Gobierno Corporativo y por nuestro excelente clima laboral, con el respeto hacia el medio ambiente, y nuestras buenas relaciones con las comunidades del entorno. Te invitamos a formar parte de esta gran familia y contribuir con el desarrollo de nuestro país, para que el Perú siga avanzando.Ingresa a www.cementospacasmayo.com.pe y conoce más sobre nosotros."
16	Asistente de Data	https://pe.linkedin.com/jobs/view/asistente-de-data-at-inlearning-escuelas-de-educaci%C3%B3n-superior-3996046053?position=6&pageNum=0&refId=8c4zi9jG1ajRhPGdzDX%2BOA%3D%3D&trackingId=n310L5dGDa2h%2BTIvKBWbEw%3D%3D&trk=public_jobs_jserp-result_search-card	Lima, Peru	2 weeks ago	inLearning Escuelas de Educación Superior	"En inLearning Institutos, plataforma educativa del grupo Intercorp, conformada por Idat, Zegel, la Escuela de Arte Corriente Alterna y el Centro de la Imagen, empresas que promueven la equidad de género, igualdad e inclusión, nos encontramos en la búsqueda de un(a) Asistente de Data.
Propósito
Apoyar en la recolección, procesamiento y análisis de datos para la creación de reportes y dashboards que faciliten la toma de decisiones informadas en la institución.
Funciones
Trabajar en la creación y mantenimiento de dashboards que presenten datos de manera clara y concisa para los equipos de la institución.
Apoyar en la ejecución de encuestas y estudios para obtener datos relevantes para el análisis.
Recopilar y procesar datos cualitativos y cuantitativos de diversas fuentes, asegurando la calidad y consistencia de la información.
Realizar análisis exploratorios de datos para identificar patrones, tendencias y oportunidades de mejora.
Asistir en la preparación de reportes periódicos con insights clave para los líderes institucionales.
Apoyar en la implementación de herramientas y procesos de análisis de datos que optimicen la eficiencia del equipo.
Aprender y aplicar herramientas y técnicas de análisis de datos, incluyendo elementos básicos de inteligencia artificial y machine learning (deseable).
Realizar otras funciones afines y/o complementarias que le asigne su jefe inmediato.
Requisitos
Egresado o estudiante de últimos ciclos de las carreras de ingeniería industrial, de sistemas, ciencias de la computación, estadística, economía, ciencias sociales, y afines.
Experiencia previa en roles de análisis de datos o manejo de bases de datos.
Familiaridad con herramientas de visualización de datos como Excel y Power BI (indispensable).
Habilidad para trabajar con grandes volúmenes de datos y realizar análisis básicos.
Conocimientos en excel a nivel avanzado.
Experiencia en diseño, optimización y mantenimiento de bases de datos (deseable)
Nivel de inglés intermedio (deseable)
Beneficios
Ingreso a planilla desde el primer día con todos los beneficios de ley
Pertenecer a una de las mejores empresas para trabajar según el ranking Great Place to Work 2024
Ser parte de una de las empresas del grupo Intercorp.
Línea de carrera en inLearning Institutos y/o en el Grupo Intercorp
Cuponera de tiempo libre donde equilibramos tu vida personal y laboral
Descuentos en las empresas que pertenecen al club Intercorp.
Atractivos descuentos para ti y tu familia en las instituciones educativas del grupo
Semana Classifieds (Semana libre entre Navidad y Año Nuevo)
En inLearning Institutos (Zegel, Idat, Corriente Alterna, Centro de la Imagen e Innova Teaching School) estamos comprometidos con promover la igualdad de género, diversidad e inclusión en nuestros procesos de atracción y selección del talento, brindando igualdad de oportunidades laborales para los/las postulantes, asegurando ambientes saludables, equitativos y seguros.
Además, queremos que sepas que este cargo admite postulaciones para personas con discapacidad de acuerdo con el marco de la Ley de Inclusión Laboral en el Perú."
17	Analista de permanencia	https://pe.linkedin.com/jobs/view/analista-de-permanencia-at-trust-consulting-4002985351?position=7&pageNum=0&refId=8c4zi9jG1ajRhPGdzDX%2BOA%3D%3D&trackingId=bOh32fgc3kCc8EUbPUUMxg%3D%3D&trk=public_jobs_jserp-result_search-card	Lima, Peru	1 week ago	Trust Consulting	"Por encargo de uno de nuestros principales clientes, importante empresa del sector salud, en Trust Consulting nos encontramos en la búsqueda del mejor talento para ocupar la posición de Analista de permanencia en Lima.
Propósito De La Posición
Implementar, acompañar y hacer seguimiento a las acciones para la mejora de la cobranza temprana de los canales Remoto 1, Remoto 2, Indirecto 2.0 y call´s de TLMK buscando la mejora de la persistencia.
Perfil
Egresado de las carreras de Administración, Ingeniería y/o a fines.
Experiencia
Experiencia mínima de 2 años como Analista de retenciones en el rubro de seguros (de preferencia de salud).
Experiencia en gestión comercial, gestión de análisis, cobranzas, retenciones, cuotas y afiliaciones.
Conocimientos Específicos
Manejo de base de datos
Excel Avanzado
SQL Intermedio
Power BI Intermedio
Inglés a nivel intermedio (Deseable)
Modalidad De Trabajo
Remoto (Disponibilidad para asistir a oficina 2 veces al mes)
Horarios
Lunes a viernes 8:30 am a 6:00pm
Funciones
Implementar acciones de mejora para la recuperación del alta morosa temprana.
Análisis y coordinación de desarrollos de los nuevos proyectos e iniciativas de Permanencia.
Mejorar los procesos buscando la automatización de reportería y generación de indicadores eficientes.
Seguimiento al Dashboard de Persistencia y Gestión del MKF Intermedio, identificando alertas y mejoras en los resultados de la gestión del consultor.
Adherirse a las políticas de seguridad del paciente y promover el cumplimiento de las Prácticas Organizacionales Requeridas.
Cumplir con la Política de Cuidados Centradas en la Persona"" o ""Fomentar la cultura de cuidados centrados en las personas brindando una atención de calidad y calidez.
Beneficios
Planilla completa.
Tarjeta de Alimentos.
Seguro de EPS 85% a partir del 4to mes para ti y tus dependientes.
Programa oncológico 100% a partir del 4to mes para ti y tus dependientes.
En el caso desee afiliar a los padres o hermanos hay un 60% de descuento (opcional), a partir del 4to mes."
18	Analista Programador Junior	https://pe.linkedin.com/jobs/view/analista-programador-junior-at-buildsoft-3995985523?position=8&pageNum=0&refId=8c4zi9jG1ajRhPGdzDX%2BOA%3D%3D&trackingId=w%2FiZyv0ciNp%2Br4MYkwX2vw%3D%3D&trk=public_jobs_jserp-result_search-card	Lima, Peru	2 weeks ago	BuildSoft	Description not found
19	Jefe de Innovación Tecnológica (Barranco)	https://pe.linkedin.com/jobs/view/jefe-de-innovaci%C3%B3n-tecnol%C3%B3gica-barranco-at-andean-3999335498?position=9&pageNum=0&refId=8c4zi9jG1ajRhPGdzDX%2BOA%3D%3D&trackingId=4jDqUjRoZOdlja%2FBsSDDPA%3D%3D&trk=public_jobs_jserp-result_search-card	Barranco, Peru	1 week ago	Andean	Description not found
20	Analista de Control y Gestión	https://pe.linkedin.com/jobs/view/analista-de-control-y-gesti%C3%B3n-at-grupo-intercorp-4000982213?position=10&pageNum=0&refId=8c4zi9jG1ajRhPGdzDX%2BOA%3D%3D&trackingId=WMGgTnz%2FFJMNRzfebQKFhA%3D%3D&trk=public_jobs_jserp-result_search-card	San Borja, Peru	1 week ago	Grupo Intercorp	"Super Food Holding, empresa que fomenta y respeta en sus procesos de atracción y crecimiento de talento la equidad de género, inclusión y diversidad; nos encontramos en búsqueda del mejor talento para ocupar la posición de:Analista de Control y GestiónObjetivo del Puesto:
Evaluación, seguimiento y control de las actividades ejecutadas por el área. En la búsqueda de mejoras y eficiencias, creación de reportes de control de gestión y actualización para la mejor toma de decisión en la compañía
Funciones Principales
Identificar oportunidad de mejora y automatización en los procesos y contribuir a su implementación.
Mantener actualizado los reportes de la Gerencia de Infraestructura y Seguridad (Gastos, productividad, kpis, accidentes, etc)
Búsqueda continua de nuevas herramientas tecnológicas para la mejora de procesos.
Creaciones de cuestionarios, optimización de tableros y nuevos tableros de control
Evaluación, seguimiento y control de las actividades y/o servicios ejecutados en el área.
Revisar y consolidar las bases de datos que administra la gerencia de Infraestructura y Seguridad.
Establecer una gestión en base de indicadores y herramientas de control.
Identificar y evaluar los riesgos potenciales del área.
Implementar planes y estrategias para mitigar riesgos del área.Requisitos:
Bachiller en Gestión Empresarial, Ingeniería Industrial, Administración o Afines (Indispensable).
Tener experiencia mínima de 1 año como Analista de BI, Analista de Control y Gestión, Analista de Riesgos o 2 años como Asistente de Control y Gestión/Proceso, Riesgos o similares (Indispensable).
Conocimiento de Big Query (Indispensable)
Conocimiento de Power BI (Indispensable)
Conocimiento de Excel a nivel Intermedio (Indispensable)
Conocimiento de Power Automate (Deseable)
Conocimiento de gestión de presupuestos (Deseable).
Orientado al trabajo en equipo.
Beneficios
Beneficios de acuerdo a Ley.
Beneficios del grupo Intercorp.
Recuerda utilizar nuestros canales de reclutamiento oficiales (Portal de empleo Intercorp Retail, Bumeran y Computrabajo) y que participar en el proceso no tiene costo."
21	Desarrollador FrontEnd	https://pe.linkedin.com/jobs/view/desarrollador-frontend-at-canvia-3987655734?position=1&pageNum=0&refId=4nDa3upoNuVifKSGlhw7Qw%3D%3D&trackingId=zbhtejzbWGroesGoJ5NoFg%3D%3D&trk=public_jobs_jserp-result_search-card	Lima, Peru	3 weeks ago	Canvia	"Metodología para el análisis de sistemas.
Conocimiento de las plataformas informáticas con las que cuenta el Banco.
Técnicas de estimación de esfuerzo de desarrollo.
Ingeniería de requerimientos.
Gestión del suministro de servicios TI Técnicas de Negociación.
Modelamiento de Procesos.
Gestión de riesgos
Gestión de proyectos
Requisitos
(React, Redux) (Angular, boostrap, HTML) Deseable conocimiento (Java Script, Vue Js, Whesphere boostrap, Application Server, Apache Tomcat, IIS, Jboss, Cloud)
Somos Canvia! Nuestro propósito es hacer más fácil la vida de las personas, innovando e implementando proyectos de transformación digital de nuestros clientes de manera ágil y segura."
22	Desarrollador Frontend	https://pe.linkedin.com/jobs/view/desarrollador-frontend-at-fractal-3996662725?position=2&pageNum=0&refId=4nDa3upoNuVifKSGlhw7Qw%3D%3D&trackingId=MmoOhP%2FIC4tGgBnRThfG4w%3D%3D&trk=public_jobs_jserp-result_search-card	Lima, Peru	2 weeks ago	FRACTAL	"FRACTAL Soluciones TI
, somos una empresa peruana de Consultoría en Gestión de Tecnología de la Información con más de 10 años en el mercado, que ofrece soluciones que contribuyen al mejoramiento de los procesos y negocios de nuestros clientes, basados en profesionales altamente calificados y aplicando los más altos estándares de calidad.
Nos encontramos en búsqueda de un
Desarrollador Frontend
p
ara un proyecto
con nuestro cliente del sector bancario con el siguiente perfil
Egresado(a) de ingeniería de sistemas, informática o similar.
+3 años de experiencia bajo el puesto
Traducir los diseños y wireframes en código funcional utilizando HTML, CSS y JavaScript
Utilizar herramientas y frameworks modernos como React, Angular, Vue.js o Svelte.
Beneficios
Capacitación AWS
Descuentos corporativos
Actividades de bienestar y más...
Conócenos en https //www.fractal.com.pe/
¡Somos experiencia, somos tecnología, somos Fractal!"
23	Frontend Developer	https://pe.linkedin.com/jobs/view/frontend-developer-at-softtek-3991911763?position=3&pageNum=0&refId=4nDa3upoNuVifKSGlhw7Qw%3D%3D&trackingId=euGpxKbSZ6a0zx3wZCCi6Q%3D%3D&trk=public_jobs_jserp-result_search-card	Lima, Peru	3 weeks ago	Softtek	Description not found
24	Desarrollador de front-end	https://pe.linkedin.com/jobs/view/desarrollador-de-front-end-at-softtek-4005940274?position=4&pageNum=0&refId=4nDa3upoNuVifKSGlhw7Qw%3D%3D&trackingId=fJL6O%2Fq1Ds9ZNky%2B5V9r0A%3D%3D&trk=public_jobs_jserp-result_search-card	Lima, Peru	4 days ago	Softtek	"Softtek es un proveedor global de servicios orientados a procesos de TI con más de 30 oficinas en Norteamérica, Latinoamérica, Europa y Asia. Maximizamos el valor del software para el mundo: Creamos, Probamos, Implementamos y damos mantenimiento a sistemas que empoderan organizaciones e individuos. En la actualidad nos encontramos en la búsqueda de un talento para el perfil:
Frontend Developer
Requisitos:
Experiencia de 4+ años desarrollando en la especialidad.
Bachiller y/o Técnico Ingeniería de Sistemas, Software, Informática o afines.
Experiencia en JavaScript en un nivel avanzado, manipula hábilmente HTML5 y CSS.
Experiencia solida en Angular y
React.
Ofrecemos:
Ingreso a planilla con todos los beneficios de ley.
EPS al 100%
Modalidad de trabajo: HIBRIDO
Capacitación constante y línea de carrera.
Podrás optar por los descuentos corporativos en empresas de entretenimiento, educación, entre otros.
Contamos con una plataforma exclusiva virtual con más de 3,000 cursos orientados a potencializar tus habilidades técnicas como blandas.
En Softtek reconocemos que el talento es diverso; respetamos la identidad y condiciones de vida de cada persona y promovemos la equidad de trato y de oportunidades. Para lograr lo anterior, creamos un ambiente incluyente en el cual las personas muestran qué las define y emplean sus diferentes características para lograr mejores resultados.
Por ello, promovemos la diversidad generacional, origen étnico, nacionalidad y la inclusión de personas con habilidades diferentes y/o discapacidad. En cumplimiento de la Ley N° 29733 y su reglamento."
25	Desarrollador de front-end	https://pe.linkedin.com/jobs/view/desarrollador-de-front-end-at-softtek-4001747920?position=5&pageNum=0&refId=4nDa3upoNuVifKSGlhw7Qw%3D%3D&trackingId=uz6eOnzD40w5yFWoS4NafQ%3D%3D&trk=public_jobs_jserp-result_search-card	Lima, Peru	1 week ago	Softtek	"Softtek es un proveedor global de servicios orientados a procesos de TI con más de 30 oficinas en Norteamérica, Latinoamérica, Europa y Asia. Maximizamos el valor del software para el mundo: Creamos, Probamos, Implementamos y damos mantenimiento a sistemas que empoderan organizaciones e individuos. En la actualidad nos encontramos en la búsqueda de perfiles de:
Desarrollador Frontend
¿Qué buscamos?:
4 años
de experiencia como desarrollador Frontend
Tecnologías web: HTML 5 y CSS3
Lenguajes de programación: Typescript (Avanzado) y JavaScript (avanzado)
Librerías y FW: Stencil, React, Angular y NextJs
Build tools: Webpack, Gulp, etc.
Conocimiento en Resposive Design, PWA y SPA
Pruebas Unitarias / E2E : Cypress, Jest, Mocha, Chai, Sinon, Superset
Experiencia con AWS
Funciones:
Desarrollo e implementación de aplicaciones web y/o móviles (híbridas).
Trabajar con Producto y UX para entender RQs de los usuarios y colaborar en el diseño de nuevas funcionalidades.
Utilizar buenas prácticas de desarrollo, incluyendo pruebas automatizadas, estándares de código y revisiones de código.
Asegurar un estándar de calidad alto en el desarrollo.
Ofrecemos:
Ingreso a planilla con todos los beneficios de ley.
EPS al 100%
Modalidad de trabajo:
90% Remoto (1-2 veces presencial por mes en San Borja/San Isidro)
Capacitación constante y línea de carrera.
Podrás optar por los descuentos corporativos en empresas de entretenimiento, educación, entre otros.
Contamos con una plataforma exclusiva virtual con más de 3,000 cursos orientados a potenciar tus habilidades técnicas como blandas.
En Softtek reconocemos que el talento es diverso; respetamos la identidad y condiciones de vida de cada persona y promovemos la equidad de trato y de oportunidades. Para lograr lo anterior, creamos un ambiente incluyente en el cual las personas muestran qué las define y emplean sus diferentes características para lograr mejores resultados.
Por ello, promovemos la diversidad generacional, origen étnico, nacionalidad y la inclusión de personas con habilidades diferentes y/o discapacidad. En cumplimiento de la Ley N° 29733 y su reglamento."
26	Desarrollador Web	https://pe.linkedin.com/jobs/view/desarrollador-web-at-grupo-lucky-3999337228?position=6&pageNum=0&refId=4nDa3upoNuVifKSGlhw7Qw%3D%3D&trackingId=JTULjpPz%2Bzh91T%2B4FVItaw%3D%3D&trk=public_jobs_jserp-result_search-card	Lima, Peru	1 week ago	Grupo Lucky	"¡Únete a una de las mejores empresas para trabajar en Perú!
Somos El Grupo Empresarial Líder En Servicios Tecnológicos Aplicados a Los Canales Comerciales y Análisis De Datos Para La Gestión De Marca En El Perú. Nos Encontramos En La Búsqueda De Futuros Líderes Como Tú Que Puedan Integrarse a Nuestra Gran Familia En La Posición De
DESARROLLADOR WEB
¿Qué funciones realizarás?
Apoyar en la construcción y mantenimiento de aplicaciones web.
Realizar el mantenimiento de bases de datos integradas y externa.
Investigar nuevas tecnologías que agreguen valor al desarrollo de aplicaciones web.
¿Qué requisitos debes cumplir?
Profesional Egresado de la carreras universitarias o tecnicas de desarrollo de sistemas, ingenieria de sistemas o afines.
Base de datos SQL Server nivel intermedio (Transac-sql, generación de VIEW´s, PROCEDURES)
Angular v13+ - Obligatorio
Angular Material - Obligatorio
Bootstrap, HTML5, Web Responsive - Obligatorio
Conocimiento en metodologías de desarrollo de software - Obligatorio
Desarrollo de API´s REST .NET6+ DAPPER - Obligatorio
Experiencia en Gestión de Proyectos Web con Git y Azure Devops - Obligatorio
Experiencia en Atención de Requerimientos e Incidencias
Metodologías de Análisis y Diseño de Base de Datos.
¿Qué ofrecemos?
Línea de carrera a corto plazo.
Un trabajo dinámico donde pondrás a prueba tu talento.
Un excelente clima laboral.
Forma parte de una familia que basa su actuar en el buen humor, la pasión y sobre todo, la honestidad, ¿Qué esperas?
¡Postula con nosotros y empieza a crear tu propia historia!
¡Juntos seguiremos siendo la empresa más admirada del sector! Ven y vive la experiencia LUCKY"
27	Frontend Developer	https://pe.linkedin.com/jobs/view/frontend-developer-at-softtek-3993829477?position=7&pageNum=0&refId=4nDa3upoNuVifKSGlhw7Qw%3D%3D&trackingId=7hjbdRjYzILG56JV4d37QA%3D%3D&trk=public_jobs_jserp-result_search-card	Lima, Peru	2 weeks ago	Softtek	"Softtek es un proveedor global de servicios orientados a procesos de TI con más de 30 oficinas en Norteamérica, Latinoamérica, Europa y Asia. Maximizamos el valor del software para el mundo: Creamos, Probamos, Implementamos y damos mantenimiento a sistemas que empoderan organizaciones e individuos. En la actualidad nos encontramos en la búsqueda de perfiles de:
Desarrollador Frontend
¿Qué buscamos?:
5 años
de experiencia como desarrollador Frontend (Indispensable)
Tecnologías web: HTML 5 y CSS3
Lenguajes de programación: Typescript (Avanzado) y JavaScript (avanzado)
Librerías y FW: Stencil, React, Angular y NextJs
Experiencia con AWS
Funciones:
Desarrollo e implementación de aplicaciones web y/o móviles (híbridas).
Trabajar con Producto y UX para entender RQs de los usuarios y colaborar en el diseño de nuevas funcionalidades.
Utilizar buenas prácticas de desarrollo, incluyendo pruebas automatizadas, estándares de código y revisiones de código.
Asegurar un estándar de calidad alto en el desarrollo.
Ofrecemos:
Ingreso a planilla con todos los beneficios de ley.
EPS al 100%
Modalidad de trabajo:
Híbrido (03 veces presencial por semana en San Borja-Lima)
Capacitación constante y línea de carrera.
Podrás optar por los descuentos corporativos en empresas de entretenimiento, educación, entre otros.
Contamos con una plataforma exclusiva virtual con más de 3,000 cursos orientados a potenciar tus habilidades técnicas como blandas.
En Softtek reconocemos que el talento es diverso; respetamos la identidad y condiciones de vida de cada persona y promovemos la equidad de trato y de oportunidades. Para lograr lo anterior, creamos un ambiente incluyente en el cual las personas muestran qué las define y emplean sus diferentes características para lograr mejores resultados.
Por ello, promovemos la diversidad generacional, origen étnico, nacionalidad y la inclusión de personas con habilidades diferentes y/o discapacidad. En cumplimiento de la Ley N° 29733 y su reglamento."
28	Desarrollador Frontend JavaScript	https://pe.linkedin.com/jobs/view/desarrollador-frontend-javascript-at-softtek-4001701260?position=8&pageNum=0&refId=4nDa3upoNuVifKSGlhw7Qw%3D%3D&trackingId=sSEhCTMBHw1Gl8yRYKkGmw%3D%3D&trk=public_jobs_jserp-result_search-card	Lima, Peru	1 week ago	Softtek	"Softtek es un proveedor global de servicios orientados a procesos de TI con más de 30 oficinas en Norteamérica, Latinoamérica, Europa y Asia. Maximizamos el valor del software para el mundo: Creamos, Probamos, Implementamos y damos mantenimiento a sistemas que empoderan organizaciones e individuos. En la actualidad nos encontramos en la búsqueda de perfiles de:
Desarrollador Frontend Senior
¿Qué buscamos?:
05 años de experiencia como desarrollador Frontend con React y Angular (Indispensable)
Tecnologías web: HTML 5 y CSS3
Lenguajes de programación: Typescript (Avanzado) y JavaScript (avanzado)
Librerías y FW: Stencil, React y NextJs
Build tools: Webpack, Gulp, etc.
Conocimiento en Resposive Design, PWA y SPA
Pruebas Unitarias / E2E : Cypress, Jest, Mocha, Chai, Sinon, Superset
Experiencia con AWS
Funciones:
Desarrollo e implementación de aplicaciones web y/o móviles (híbridas).
Trabajar con Producto y UX para entender RQs de los usuarios y colaborar en el diseño de nuevas funcionalidades.
Utilizar buenas prácticas de desarrollo, incluyendo pruebas automatizadas, estándares de código y revisiones de código.
Asegurar un estándar de calidad alto en el desarrollo.
Ofrecemos:
Ingreso a planilla con todos los beneficios de ley.
EPS al 100%
Modalidad de trabajo:
Híbrido (1-2 veces presencial mensual en San Isidro-Lima)
Capacitación constante y línea de carrera.
Podrás optar por los descuentos corporativos en empresas de entretenimiento, educación, entre otros.
Contamos con una plataforma exclusiva virtual con más de 3,000 cursos orientados a potenciar tus habilidades técnicas como blandas.
En Softtek reconocemos que el talento es diverso; respetamos la identidad y condiciones de vida de cada persona y promovemos la equidad de trato y de oportunidades. Para lograr lo anterior, creamos un ambiente incluyente en el cual las personas muestran qué las define y emplean sus diferentes características para lograr mejores resultados.
Por ello, promovemos la diversidad generacional, origen étnico, nacionalidad y la inclusión de personas con habilidades diferentes y/o discapacidad. En cumplimiento de la Ley N° 29733 y su reglamento."
29	Software Developer Frontend	https://pe.linkedin.com/jobs/view/software-developer-frontend-at-softtek-4003164835?position=9&pageNum=0&refId=4nDa3upoNuVifKSGlhw7Qw%3D%3D&trackingId=sG0DNuxVp3WBDZrFgxB%2FwQ%3D%3D&trk=public_jobs_jserp-result_search-card	Lima, Peru	1 week ago	Softtek	"Softtek es un proveedor global de servicios orientados a procesos de TI con más de 30 oficinas en Norteamérica, Latinoamérica, Europa y Asia. Maximizamos el valor del software para el mundo: Creamos, Probamos, Implementamos y damos mantenimiento a sistemas que empoderan organizaciones e individuos. En la actualidad nos encontramos en la búsqueda de perfiles de:
Software Developer (Front End)
Modalidad: Remoto 90%
(2-3 veces presencial por mes en San Isidro-Lima)
¿Qué buscamos?:
04-05 años de experiencia como desarrollador Frontend con React y Angular (Indispensable)
Experiencia con AWS
Tecnologías web: HTML 5 y CSS3
Lenguajes de programación: Typescript y JavaScript
Librerías y FW: Stencil, React y NextJs
Build tools: Webpack, Gulp, etc.
Conocimiento en Resposive Design, PWA y SPA
Pruebas Unitarias / E2E : Cypress, Jest, Mocha, Chai, Sinon, Superset
Funciones:
Desarrollo e implementación de aplicaciones web y/o móviles (híbridas).
Trabajar con Producto y UX para entender RQs de los usuarios y colaborar en el diseño de nuevas funcionalidades.
Utilizar buenas prácticas de desarrollo, incluyendo pruebas automatizadas, estándares de código y revisiones de código.
Asegurar un estándar de calidad alto en el desarrollo.
Ofrecemos:
Ingreso a planilla con todos los beneficios de ley.
EPS al 100%
Modalidad de trabajo:
Remoto 90%
(2-3 veces presencial por mes en San Isidro-Lima)
Capacitación constante y línea de carrera.
Podrás optar por los descuentos corporativos en empresas de entretenimiento, educación, entre otros.
Contamos con una plataforma exclusiva virtual con más de 3,000 cursos orientados a potenciar tus habilidades técnicas como blandas.
En Softtek reconocemos que el talento es diverso; respetamos la identidad y condiciones de vida de cada persona y promovemos la equidad de trato y de oportunidades. Para lograr lo anterior, creamos un ambiente incluyente en el cual las personas muestran qué las define y emplean sus diferentes características para lograr mejores resultados.
Por ello, promovemos la diversidad generacional, origen étnico, nacionalidad y la inclusión de personas con habilidades diferentes y/o discapacidad. En cumplimiento de la Ley N° 29733 y su reglamento."
30	Desarrollador Frontend	https://pe.linkedin.com/jobs/view/desarrollador-frontend-at-softtek-3990411321?position=10&pageNum=0&refId=4nDa3upoNuVifKSGlhw7Qw%3D%3D&trackingId=D5sHaMKYT3Ehq4lMD3x%2BlQ%3D%3D&trk=public_jobs_jserp-result_search-card	Lima, Peru	3 weeks ago	Softtek	"Softtek es un proveedor global de servicios orientados a procesos de TI con más de 30 oficinas en Norteamérica, Latinoamérica, Europa y Asia. Maximizamos el valor del software para el mundo: Creamos, Probamos, Implementamos y damos mantenimiento a sistemas que empoderan organizaciones e individuos. En la actualidad nos encontramos en la búsqueda de perfiles de:
Desarrollador Frontend
¿Qué buscamos?:
4 años
de experiencia como desarrollador Frontend
Tecnologías web: HTML 5 y CSS3
Lenguajes de programación: Typescript (Avanzado) y JavaScript (avanzado)
Librerías y FW: Stencil, React, Angular y NextJs
Build tools: Webpack, Gulp, etc.
Conocimiento en Resposive Design, PWA y SPA
Pruebas Unitarias / E2E : Cypress, Jest, Mocha, Chai, Sinon, Superset
Experiencia con AWS
Funciones:
Desarrollo e implementación de aplicaciones web y/o móviles (híbridas).
Trabajar con Producto y UX para entender RQs de los usuarios y colaborar en el diseño de nuevas funcionalidades.
Utilizar buenas prácticas de desarrollo, incluyendo pruebas automatizadas, estándares de código y revisiones de código.
Asegurar un estándar de calidad alto en el desarrollo.
Ofrecemos:
Ingreso a planilla con todos los beneficios de ley.
EPS al 100%
Modalidad de trabajo:
Híbrido (1-2 veces presencial por mes en San Isidro-Lima)
Capacitación constante y línea de carrera.
Podrás optar por los descuentos corporativos en empresas de entretenimiento, educación, entre otros.
Contamos con una plataforma exclusiva virtual con más de 3,000 cursos orientados a potenciar tus habilidades técnicas como blandas.
En Softtek reconocemos que el talento es diverso; respetamos la identidad y condiciones de vida de cada persona y promovemos la equidad de trato y de oportunidades. Para lograr lo anterior, creamos un ambiente incluyente en el cual las personas muestran qué las define y emplean sus diferentes características para lograr mejores resultados.
Por ello, promovemos la diversidad generacional, origen étnico, nacionalidad y la inclusión de personas con habilidades diferentes y/o discapacidad. En cumplimiento de la Ley N° 29733 y su reglamento."
31	desarrolador fullstack	https://pe.linkedin.com/jobs/view/desarrolador-fullstack-at-reclutapro-per%C3%BA-4002982703?position=1&pageNum=0&refId=NgXHlDxn62YJLduXWPAmBw%3D%3D&trackingId=pV0wc31sQGiAIiA4xpoQ3g%3D%3D&trk=public_jobs_jserp-result_search-card	San Isidro, Peru	1 week ago	ReclutaPro Perú	"Título: Desarrollador Fullstack - Reclutapro Pandapé
Descripción
Reclutapro Pandapé está buscando un Desarrollador Fullstack con experiencia comprobada en el desarrollo de aplicaciones web y móviles. El candidato ideal debe tener un mínimo de 3 años de experiencia en el desarrollo de software y una sólida comprensión de las tecnologías y herramientas relevantes.
Responsabilidades
Desarrollar, mantener y mejorar las aplicaciones web y móviles de la empresa.
Colaborar con el equipo de diseño para definir y implementar nuevas características y funcionalidades.
Realizar pruebas unitarias y de integración para garantizar la calidad del software.
Participar en la planificación de proyectos, establecer plazos y asignar recursos.
Mantener actualizados los sistemas y garantizar su seguridad y eficiencia.
Requisitos
Al menos 3 años de experiencia como Desarrollador Fullstack.
Conocimientos sólidos en NetCore, MongoDB, SQL Server y Angular 7.
Experiencia en el desarrollo de aplicaciones .net.
Comprensión de las prácticas y principios de desarrollo ágil.
Habilidades excelentes en la resolución de problemas y la toma de decisiones.
Excelentes habilidades de comunicación y capacidad para trabajar en equipo.
Reclutapro Pandapé ofrece un entorno de trabajo desafiante y gratificante, oportunidades de crecimiento profesional y un paquete de compensación competitivo. Si estás listo para unirte a un equipo dinámico y hacer una verdadera diferencia, envíanos tu solicitud.
Nota: Esta oferta de empleo es real y está dirigida a un candidato real. No envíes tu solicitud a ningún correo electrónico o dirección. En su lugar, envía tu solicitud a través de nuestro sistema de seguimiento de solicitantes en nuestro sitio web.Palabras clave: Desarrollador Fullstack, NetCore, MongoDB, SQL Server, Angular 7, .net, Reclutapro Pandapé."
32	Desarrollador Full Stack	https://pe.linkedin.com/jobs/view/desarrollador-full-stack-at-innova-schools-3997306907?position=2&pageNum=0&refId=NgXHlDxn62YJLduXWPAmBw%3D%3D&trackingId=qTp7q5gtsvV%2F3tkOzkQApg%3D%3D&trk=public_jobs_jserp-result_search-card	La Victoria, Peru	2 weeks ago	Innova Schools	"Somos una cadena privada de colegios, contamos con 63 sedes a nivel nacional. Somos una organización que está buscando transformar la educación en el Perú, además que fomenta y respeta en sus procesos de atracción del talento la igualdad de género, inclusión y la diversidad.
Actualmente estamos en la búsqueda de un/a DESARROLLADOR FULL STACK
Principales Funciones
Desarrollo, testing y despliegue de la solución planteada.
Construir las aplicaciones Front requeridas siguiendo las especificaciones de diseño y estándares de desarrollo de Innova Schools, ejecutar las actividades de pruebas técnicas y unitarias. Acompañar la integración de los programas al Back y el despliegue de la solución en ambiente testing/pre-productivo.
Proponer mejoras al diseño de la aplicación, siguiendo con las mejores prácticas en UX y IU, para asegurar que la solución tenga una mejor experiencia de usuario.
Efectuar actividades de corrección de los programas y estabilización de la solución como parte del acompañamiento al proceso de Testing Funcional y realizar el despliegue en ambiente productivo en coordinación con el área de sistemas.
Trabajar en la integración de la Intranet con las aplicaciones que ya existen en Innova Schools y han sido mapeadas como las más relevantes para conversar con el sistema.
Acompañamiento post producción para el mantenimiento y estabilización de la solución.
Requisitos
Egresada(o) de Instituto Técnico o Universidad.
Carrera de Sistemas, Informática o afines.
Conocimiento de desarrollo back end (Java, .NET, C#)
Experiencia en Java, Spring (Boot), Hibernate.
Maneja programas como React.js, HTML, CSS y JavaScript, para el desarrollo front end de la Intranet que estamos construyendo.
Manejo intermedio de base de datos, SQL Server / MySQL
Conocimientos básicos Arquitectura AWS
Experiencia en desarrollo web y con metodologías de mejora continua como “agile”.
Experiencia mínima de 3 años como Fullstack"
33	Desarrollador FullStack	https://pe.linkedin.com/jobs/view/desarrollador-fullstack-at-soaint-3999546234?position=3&pageNum=0&refId=NgXHlDxn62YJLduXWPAmBw%3D%3D&trackingId=quguYhGZYNUAblbo%2Fz57YA%3D%3D&trk=public_jobs_jserp-result_search-card	Miraflores, Lima, Peru	1 week ago	SOAINT	"¿Te apasiona el desarrollo tecnológico?
🌍💙
En
SOAINT
tenemos más de 15 años dedicados a transformar el mundo a través de la tecnología con soluciones de Analytics, Desarrollo, Automatización y otros y contamos con presencia en España y LATAM. Actualmente buscamos al perfil de
Desarrollador FullStack
para sumarse a nuestro equipo. Si eres una persona
analítica
y con facilidad para la
resolución de problemas
, ¡esta es tu oportunidad! 👀🚀
🌟
¿Qué harás en este rol?
✅Crear y mantener interfaces de usuario dinámicas y responsivas utilizando Angular 14+.
✅Diseñar y desarrollar aplicaciones móviles nativas para Android utilizando Kotlin
✅Desarrollar y mantener servicios web backend en Java, asegurando su integración con otras plataformas
✅Integrar y consumir servicios externos mediante APIs.
✅Participar en equipos Scrum, gestionando tareas y sprints en Jira para asegurar el cumplimiento de los objetivos del proyecto
¿Qué buscamos en ti?
Bachiller en Ingeniería de Sistemas y/o Ingeniería Informática y/o Ingeniería de Computación y Sistemas o afines.
Experiencia mínima de 3 años en desarrollo de software.
Desarrollo Backend con el lenguaje Java para Web Services y C# para .Net
Experiencia cen Android con Kotlin
Conocimiento en Rest API
Experiencia en SQL Server
Experiencia enmetodología SCRUM
Experiencia en el sector de Banca
🚩
¿Qué te ofrecemos?
💰 Contrato Indefinido y por planilla 100% desde el primer día.
✨ Trabajo híbrido (1P - 4R)
🚑 Cobertura EPS 100% (Plan Esencial) y Seguro de Vida Ley.
📚 Oportunidades de desarrollo profesional y crecimiento.
📎 Plataforma de capacitación online gratuita.
✨ Mediodía libre por cumpleaños
🚲 Descuentos y convenios en educación, gimnasio y mucho más.
🚀 Ser parte de una empresa internacional en el sector de consultoría y servicios TI.
Tu próxima aventura profesional te aguarda.
¡Postúlate ahora y sé parte de nuestra historia de éxito!🚀
En SOAINT no distinguimos por razón de discapacidad, género, orientación, identidad y expresión de género, lugar de origen o generación. Creemos en la igualdad de oportunidades en todos nuestros procesos y buscamos promover la inclusión e inserción laboral.
Conoce más de cómo se #ViveSOAINT en este link: https://www.linkedin.com/company/soaint/life/vivesoaint/"
34	Fullstack Web	https://pe.linkedin.com/jobs/view/fullstack-web-at-zoluxiones-latam-4002973489?position=4&pageNum=0&refId=NgXHlDxn62YJLduXWPAmBw%3D%3D&trackingId=nWhPb3h%2B%2BMoKt1BinG7oZg%3D%3D&trk=public_jobs_jserp-result_search-card	San Isidro, Peru	1 week ago	Zoluxiones LATAM	"Estamos buscando un
Desarrollador Fullstack
con experiencia en
.NET
para unirse a nuestro equipo de desarrollo. El candidato ideal tendrá un sólido conocimiento tanto en el desarrollo frontend con React como en el desarrollo backend con .NET. Será responsable de diseñar, desarrollar y mantener aplicaciones web completas, asegurando una experiencia de usuario fluida y una funcionalidad robusta.
Responsabilidades:
Desarrollar y mantener aplicaciones web utilizando
React
para el frontend y
.NET
para el backend.
Crear y gestionar APIs RESTful para la integración entre el frontend y el backend.
Implementar interfaces de usuario interactivas y responsivas utilizando
React
.
Diseñar y desarrollar servicios y aplicaciones backend utilizando
.NET Core
y
C#
.
Colaborar con diseñadores y otros desarrolladores para crear soluciones técnicas eficientes y escalables.
Realizar pruebas unitarias y de integración para garantizar la calidad del código.
Optimizar el rendimiento de las aplicaciones y resolver problemas técnicos.
Documentar el proceso de desarrollo y las características implementadas.
Requisitos:
Experiencia en
.NET Core
y
C#
para el desarrollo de servicios y aplicaciones backend.
Conocimiento de bases de datos SQL (SQL Server, PostgreSQL) y diseño de esquemas de datos.
Familiaridad con herramientas de control de versiones como
Git
.
Experiencia en la integración de APIs RESTful y servicios web.
Deseable:
Experiencia con
servicios en la nube Azure, AWS
Conocimientos en metodologías ágiles (Scrum, Kanban).
Experiencia con herramientas de CI/CD y prácticas de DevOps.
Beneficios:
Planilla desde el primer día de trabajo.
Trabajo Híbrido
Horario de Oficina.
Salario acorde al mercado.
Línea de Carrera"
35	Líder Técnico FullStack	https://pe.linkedin.com/jobs/view/l%C3%ADder-t%C3%A9cnico-fullstack-at-softtek-4007053136?position=5&pageNum=0&refId=NgXHlDxn62YJLduXWPAmBw%3D%3D&trackingId=69EcQRPuNmYntm8YP0WMoA%3D%3D&trk=public_jobs_jserp-result_search-card	Lima, Peru	3 days ago	Softtek	Description not found
36	Desarrollador Fullstack (react JS, microservices) - inglés avanzado	https://pe.linkedin.com/jobs/view/desarrollador-fullstack-react-js-microservices-ingl%C3%A9s-avanzado-at-tata-consultancy-services-3999728568?position=6&pageNum=0&refId=NgXHlDxn62YJLduXWPAmBw%3D%3D&trackingId=703CrTOOoki7Y1htdw8fhA%3D%3D&trk=public_jobs_jserp-result_search-card	Lima, Peru	1 week ago	Tata Consultancy Services	Description not found
37	Desarrollador Fullstack (Java, Microservices, Angular, JS, Springboot) - Inglés avanzado	https://pe.linkedin.com/jobs/view/desarrollador-fullstack-java-microservices-angular-js-springboot-ingl%C3%A9s-avanzado-at-tata-consultancy-services-3999729836?position=7&pageNum=0&refId=NgXHlDxn62YJLduXWPAmBw%3D%3D&trackingId=LSdeUpE6EahV%2BRfBw%2FYw4A%3D%3D&trk=public_jobs_jserp-result_search-card	Lima, Peru	1 week ago	Tata Consultancy Services	Description not found
38	Desarrollador de Ruby on Rails	https://pe.linkedin.com/jobs/view/desarrollador-de-ruby-on-rails-at-outcode-software-3999384849?position=8&pageNum=0&refId=NgXHlDxn62YJLduXWPAmBw%3D%3D&trackingId=K8NYNjvjlBQZAaGTv8rTHA%3D%3D&trk=public_jobs_jserp-result_search-card	Lima, Peru	1 week ago	Outcode Software	"Job Description
As a Ruby fullstack software engineer, you will be expected to be an active participant in all the delivery stages of web app development. You will be responsible for designing, developing, testing, and debugging responsive web applications for the company. Using Ruby on Rails in Backend, React or Angular or vueJS or JQuery in Frontend.
Key Responsibilities
Designing, developing, and testing UI for web applications
Build Web Portals and ensure the technical feasibility of UI/UX Design
Build reusable code and libraries for future use
Accurately translate user and business needs into functional frontend code
Contribute to overall product requirements and design
Optimization of the application for maximum speed and scalability
Translation of UI/UX wireframes to visual elements
Implementation of security and data protection
Integration of the front-end and back-end aspects of the applications
Implementation of a robust set of services and APIs to power the applications
Proficient understanding of cross-browser compatibility issues and ways to work around such issues
Seamlessly Switch Between Multiple Projects
Required Skills
Excellent knowledge of Ruby On Rails.
2 - 3 years of working experience in web application development.
2 - 3 years frontend development experience with strong JavaScript, CSS3 and HTML5 skills.
Experience working with ES2015 (ES6 / ES7).
Experience with line commands, APIs and client-side performance.
Experience with a JS framework like: React, or Angular, or Vue, or JQuery.
Well-qualified candidates have experience planning and designing applications while following an agile methodology.
Preferred Qualifications
Bachelor's degree in Computer Science or Software Engineering or related.
Experience in developing highly interactive applications.
What you'll love about us...
Working in a fast-growing company.
International working environment.
5 working days during the week."
39	Backend Engineer (Node.js)	https://pe.linkedin.com/jobs/view/backend-engineer-node-js-at-yape-4002939385?position=1&pageNum=0&refId=mOAEZEFfl6qIARjmLwJuuw%3D%3D&trackingId=4J9Ipa7fcCoEt9NZHgg2hw%3D%3D&trk=public_jobs_jserp-result_search-card	Lima, Peru	1 week ago	Yape	"Somos 15 millones de yaperos y 2.5 millones de empresas que utilizan Yape a diario. Estamos disponibles para todos, lo que nos convierte en una plataforma única y clave del ecosistema digital del Perú.
Esperamos que te involucres en discusiones relacionadas con todos los aspectos del desarrollo de productos y tecnología.
Nuestro desafío es que estamos creciendo rápidamente y tenemos una amplia cantidad de datos que pueden ser explotados para mejorar la vida de los yaperos y nuestro negocio. Nos motiva construir un país conectado sin barreras, que fomente el crecimiento y desarrollo para todos los peruanos.
Para seguir brindando la mejor experiencia a nuestros yaperos, necesitamos el mejor talento.
Sé parte de esta emocionante misión y contribuye con nuestro propósito de hacer más simple el día a día de las personas para que sigan movilizando sus vidas.
¡Contágiate de la Vibra Yape y haz que la vida fluya!
Responsabilidades
Responsable por el funcionamiento del sistema y manejo de los datos dentro de la aplicación.
Su función es integrar aplicaciones con múltiples sistemas, capas de negocio y servicios necesarios con el objetivo de proporcionar una interfaz simple de programación de aplicación (API) para mostrar la información a través de una interfaz de usuario (GUI).
Es el responsable principal de la operación, el rendimiento y la escalabilidad de los servicios. Integra sistemas legados, trabaja con la capa de datos y base de datos.
Genera documentación para poder integrar las APIs desarrolladas con distintas interfaces de usuario.
Monitorea la eficiencia de cada uno de los servicios desarrollados y desarrolla pruebas unitarias e integración para validar los distintos flujos de negocio.
Requisitos
3 años de experiencia en desarrollo Back End.
Experiencia en lenguaje
Node.js
(Indispensable)
Experiencia en creación de servicios REST (Indispensable)
GraphQL
Conocimiento de patrones de diseño de software y clean code (Indispensable)
Conocimiento y aplicación de
Kafka
(Indispensable)
Capaz de desarrollar códigos que tengan una calidad, seguridad y legibilidad impecables.
1 a 2 años de experiencia trabajando en equipos ágiles - Deseable
Conocimiento de prácticas de seguridad con OWASP 10 - Deseable"
40	Analista Desarrollador/a Backend	https://pe.linkedin.com/jobs/view/analista-desarrollador-a-backend-at-bbva-en-per%C3%BA-3986477083?position=2&pageNum=0&refId=mOAEZEFfl6qIARjmLwJuuw%3D%3D&trackingId=NexwHKMObNZilLOGfFZ04g%3D%3D&trk=public_jobs_jserp-result_search-card	Lima, Peru	3 weeks ago	BBVA en Perú	Description not found
41	Desarrollador Backend	https://pe.linkedin.com/jobs/view/desarrollador-backend-at-m%C3%A9trica-andina-3998200262?position=3&pageNum=0&refId=mOAEZEFfl6qIARjmLwJuuw%3D%3D&trackingId=fZTrBi0nRSgppyMYCDswyA%3D%3D&trk=public_jobs_jserp-result_search-card	Lima, Peru	1 week ago	Métrica Andina	Description not found
42	Analista Desarrollador Backend	https://pe.linkedin.com/jobs/view/analista-desarrollador-backend-at-costamar-travel-group-3989695819?position=4&pageNum=0&refId=mOAEZEFfl6qIARjmLwJuuw%3D%3D&trackingId=CGYrB%2ByGHz6iTXVSXpMUuQ%3D%3D&trk=public_jobs_jserp-result_search-card	Lima, Peru	3 weeks ago	Costamar Travel Group	"COSTAMAR TRAVEL SAC una de las empresas más grandes de Turismo a nivel Mundial, con 44 años de experiencia en el mercado.
Se encuentra en la búsqueda de:ANALISTA DESARROLLADOR BACKEND
Funciones
Construir y mantener aplicaciones web escalables
Trabajar de forma colaborativa con los miembros del equipo
Analizar, investigar, resolver y brindar solucionesRequerido:
Requerido
Sólidos conocimientos de programación orientada a objetos y buenas prácticas de desarrollo .
Experiencia mínima de 2 años, como java 8 / react.
Conocimiento de pruebas unitarias con JUnit
Conocimientos intermedios de arquitectura orientada a servicios (Webservices REST / SOAP)
Conocimientos de Spring Boot / Spring Framework (Spring MVC)
Conocimientos de MySQL, MongoDB
Conocimientos intermedios de tecnologías web (HTML / CSS / JS)
Experiencia con framework CSS.
Experiencia en React, Redux, Flux (indispensable).
Manejo de GIT
Habilidad para analizar, identificar, investigar, resolver y brindar soluciones
Conocimiento de prácticas y metodologías agiles (XP / Scrum, Kanban)Se Ofrece:
Ingreso a planilla con todos los beneficios de ley desde el primer día de labores (CTS, vacaciones, essalud, gratificaciones).
Se Ofrece
Sueldo superior al mercado
Línea de carrera y excelente clima laboral
Capacitaciones constantes
En Costamar Travel, según su código de ética, no se discrimina a las personas con discapacidad, ni sexo, ni religión."
43	Desarrollador de back-end	https://pe.linkedin.com/jobs/view/desarrollador-de-back-end-at-ntt-data-europe-latam-3989204462?position=5&pageNum=0&refId=mOAEZEFfl6qIARjmLwJuuw%3D%3D&trackingId=P1EDWfaH4H%2BK3QAmVOMUdg%3D%3D&trk=public_jobs_jserp-result_search-card	Lima, Peru	3 weeks ago	NTT DATA Europe & Latam	Description not found
44	Desarrollador de back-end	https://pe.linkedin.com/jobs/view/desarrollador-de-back-end-at-soaint-3988075446?position=6&pageNum=0&refId=mOAEZEFfl6qIARjmLwJuuw%3D%3D&trackingId=8a3AlvI%2BbUryta%2FwF0zHJA%3D%3D&trk=public_jobs_jserp-result_search-card	Lima, Peru	5 days ago	SOAINT	"¿Te apasiona el desarrollo tecnológico?
🌍💙
En
SOAINT
tenemos más de 15 años dedicados a transformar el mundo a través de la tecnología con soluciones de Analytics, Desarrollo, Automatización y otros y contamos con presencia en España y LATAM. Actualmente buscamos al perfil de
Desarrollador Backend
para sumarse a nuestro equipo. Si eres una persona
analítica
y con facilidad para la
resolución de problemas
, ¡esta es tu oportunidad! 👀🚀
🌟
¿Qué harás en este rol?
✅Desarrollar y mantener APIs RESTful usando Spring Boot.
✅Implementar autenticación y autorización con Spring Security.
✅Integrar y consumir servicios externos mediante APIs.
✅Escribir y ejecutar pruebas unitarias y de integración.
¿Qué buscamos en ti?
Bachiller en Ingeniería de Sistemas y/o Ingeniería Informática y/o Ingeniería de Computación y Sistemas o afines.
Experiencia mínima de 3 años en desarrollo de software.
Java Spring
Azure
Arquitectura de microservicios
Programación reactiva
Jenkins
Git
SQL Server, Oracle
🚩
¿Qué te ofrecemos?
💰 Contrato Indefinido y por planilla 100% desde el primer día.
✨ Trabajo híbrido (2 días presencial y 3 remotos)
🚑 Cobertura EPS 100% (Plan Esencial) y Seguro de Vida Ley.
📚 Oportunidades de desarrollo profesional y crecimiento.
📎 Plataforma de capacitación online gratuita.
✨ Mediodía libre por cumpleaños
🚲 Descuentos y convenios en educación, gimnasio y mucho más.
🚀 Ser parte de una empresa internacional en el sector de consultoría y servicios TI.
Tu próxima aventura profesional te aguarda.
¡Postúlate ahora y sé parte de nuestra historia de éxito!🚀
En SOAINT no distinguimos por razón de discapacidad, género, orientación, identidad y expresión de género, lugar de origen o generación. Creemos en la igualdad de oportunidades en todos nuestros procesos y buscamos promover la inclusión e inserción laboral.
Conoce más de cómo se #ViveSOAINT en este link: https://www.linkedin.com/company/soaint/life/vivesoaint/"
45	Desarrollador de back-end	https://pe.linkedin.com/jobs/view/desarrollador-de-back-end-at-atlantic-city-casino-sports-3993995769?position=7&pageNum=0&refId=mOAEZEFfl6qIARjmLwJuuw%3D%3D&trackingId=FZ85pRxMgVJ%2BUjEnlGz3fA%3D%3D&trk=public_jobs_jserp-result_search-card	Miraflores, Peru	2 weeks ago	Atlantic City Casino & Sports	Description not found
46	Back End Developer	https://pe.linkedin.com/jobs/view/back-end-developer-at-softtek-4003172693?position=8&pageNum=0&refId=mOAEZEFfl6qIARjmLwJuuw%3D%3D&trackingId=%2B4tLVvoGTYute9jCoddLZw%3D%3D&trk=public_jobs_jserp-result_search-card	Lima, Peru	1 week ago	Softtek	Description not found
47	Desarrollador Backend	https://pe.linkedin.com/jobs/view/desarrollador-backend-at-soaint-4002156974?position=9&pageNum=0&refId=mOAEZEFfl6qIARjmLwJuuw%3D%3D&trackingId=HV8GpbDTzlIPKAnN9CPk7Q%3D%3D&trk=public_jobs_jserp-result_search-card	Lima, Peru	4 days ago	SOAINT	"Te apasiona el desarrollo tecnológico?
🌍💙
En
SOAINT
tenemos más de 15 años dedicados a transformar el mundo a través de la tecnología con soluciones de Analytics, Desarrollo, Automatización y otros y contamos con presencia en España y LATAM. Actualmente buscamos al perfil de
Desarrollador Backend
para sumarse a nuestro equipo. Si eres una persona
analítica
y con facilidad para la
resolución de problemas
, ¡esta es tu oportunidad! 👀🚀
🌟
¿Qué harás en este rol?
✅Desarrollar y mantener APIs RESTful usando Spring Boot.
✅Implementación en nube Azure
✅Gestionar y optimizar bases de datos relacionales y NoSQL.
✅Implementar autenticación y autorización con Spring Security.
✅Integrar y consumir servicios externos mediante APIs.
✅Escribir y ejecutar pruebas unitarias y de integración.
¿Qué buscamos en ti?
Bachiller en Ingeniería de Sistemas y/o Ingeniería Informática y/o Ingeniería de Computación y Sistemas o afines.
Experiencia mínima de 3 años en desarrollo de software.
Desarrollo Backend con el lenguaje Java con Spring Boot.
Experiencia en plataformas de nubes: Azure Cloud, Azure DevOps
Experiencia con Spring Security (OAuth2, JWT)
Conocimiento en Spring Data, JPA, Retrofit y Swagger.
Experiencia en Jenkins
Experiencia en las bases SQL Server y Oracle
Manejo de APIs
Experiencia en metodologías ágiles
🚩
¿Qué te ofrecemos?
💰 Contrato Indefinido y por planilla 100% desde el primer día.
✨ Trabajo híbrido (2 días presencial y 3 remotos)
🚑 Cobertura EPS 100% (Plan Esencial) y Seguro de Vida Ley.
📚 Oportunidades de desarrollo profesional y crecimiento.
📎 Plataforma de capacitación online gratuita.
✨ Mediodía libre por cumpleaños
🚲 Descuentos y convenios en educación, gimnasio y mucho más.
🚀 Ser parte de una empresa internacional en el sector de consultoría y servicios TI.
Tu próxima aventura profesional te aguarda.
¡Postúlate ahora y sé parte de nuestra historia de éxito!🚀
En SOAINT no distinguimos por razón de discapacidad, género, orientación, identidad y expresión de género, lugar de origen o generación. Creemos en la igualdad de oportunidades en todos nuestros procesos y buscamos promover la inclusión e inserción laboral.
Conoce más de cómo se #ViveSOAINT en este link: https://www.linkedin.com/company/soaint/life/vivesoaint/"
48	Desarrollador iOS	https://pe.linkedin.com/jobs/view/desarrollador-ios-at-veriinfo-4000383589?position=10&pageNum=0&refId=mOAEZEFfl6qIARjmLwJuuw%3D%3D&trackingId=gdrKtxJEwqWrMVy6dKU2tg%3D%3D&trk=public_jobs_jserp-result_search-card	Lince, Peru	1 week ago	Veriinfo	"En VERIINFO somos parte de una familia, conformada por más de 60 profesionales en el sector TI, gestionando proyectos para las principales empresas del Perú. Te invitamos a formar parte de nuestro equipo, ocupando el cargo de: Desarrollador iOS para integrarse al equipo de trabajo del banco más importante del país.
🎯 Estamos seleccionando
Desarrollador iOS - Con 4 años de experiencia profesional en el rol.
🎯 Requisitos
Bachiller o titulado en Ingeniería de sistemas, computación y sistemas, ciencias de la computación o afines.
🎯 Conocimientos
Lenguaje de programación/plataforma (IOS - Swift, Android - Kotlin)
Patrones de diseño de aplicaciones (Clean arquitectura, VIPER, MVVM)
Manejo de bibliotecas comunes (Retrofit, RX Java).
Herramientas de encriptación de claves y ofuscación de código fuente ( IXGuard - IOS , DESGUARD - Android).
Marco de trabajo Ágil y Mindset Ágil.
Deseable experiencia en banca.
Trabajo híbrido 💻🏠"
